sample,audio_file,duration_s,transcript_vi,reference_en,asr_output_en,asr_wer,asr_word_errors,speaker_cosine,failure_reasons,attempt,decision,audio_sha256
vivos:train:VIVOSSPK05_R055,/Volumes/data/datasets/hibiki_vi_v2/tts/vivos_qwen3_tts_mlx_retry_v6/attempt0_t08/groups/attempt0_t08_VIVOSSPK05_0000_14bc1fc03306/wavs/vivos_train_VIVOSSPK05_R055.wav,2.64,CHO CON BÚ,BREASTFEEDING,NUCA BREASTFEDING,2.0,2,0.8906293511390686,"silence_ratio,duration_ratio,asr_wer",rejected,rejected,7fe82ebb3a7cc593a597e20fa12ed0de727cb6c3d476d8b23e4bb7a3a25cdc79
vivos:train:VIVOSSPK05_R047,/Volumes/data/datasets/hibiki_vi_v2/tts/vivos_qwen3_tts_mlx_retry_v6/attempt0_t08/groups/attempt0_t08_VIVOSSPK05_0000_14bc1fc03306/wavs/vivos_train_VIVOSSPK05_R047.wav,2.4,NƯỚC MƯA HẤNG ĐƯỢC TỪ CÁC MÁI NHÀ LỢP,Rainwater collected from roofs,Natural water collected from roof.,0.75,3,0.91770339012146,asr_wer,rejected,rejected,974a7420e493915e19b37ed6d3dd51611a65385d29ad282fda154e0b692941fb
vivos:train:VIVOSSPK05_R060,/Volumes/data/datasets/hibiki_vi_v2/tts/vivos_qwen3_tts_mlx_retry_v6/attempt0_t08/groups/attempt0_t08_VIVOSSPK05_0000_14bc1fc03306/wavs/vivos_train_VIVOSSPK05_R060.wav,2.32,MANG DÁNG VẺ CỦA MỘT NGƯỜI PHỤ NỮ,HAVING THE APPEARANCE OF A WOMAN,not having the appearance of a woman,0.16666666666666666,1,0.8929875493049622,,0,accepted,709661b3601cb9bc6e5574184b8243c70f14a09a3a92417e2d624048813f037e
vivos:train:VIVOSSPK05_R168,/Volumes/data/datasets/hibiki_vi_v2/tts/vivos_qwen3_tts_mlx_retry_v6/attempt0_t08/groups/attempt0_t08_VIVOSSPK05_0000_14bc1fc03306/wavs/vivos_train_VIVOSSPK05_R168.wav,3.92,CHẬT NGƯỜI VÀ XE ĐI LẠI,Crowded with people and traffic moving about.,Nua cao crowded with people and traffic moving about,0.2857142857142857,2,0.9208482503890991,,0,accepted,91f35421cd3f4f8bb6281070e76ee403e46d41dd9faa025740c76fb7dd56502b
vivos:train:VIVOSSPK05_R054,/Volumes/data/datasets/hibiki_vi_v2/tts/vivos_qwen3_tts_mlx_retry_v6/retry1_t07/groups/retry1_t07_VIVOSSPK05_0000_eaf0a902a452/wavs/vivos_train_VIVOSSPK05_R054.wav,3.44,BẠN ĐÃ VƯỢT QUA ĐƯỢC NHỮNG GÌ ĐANG KHIẾN BẠN PHÁT ĐIÊN,You have overcome whatever was driving you crazy.,Do you have overcome whatever was driving you crazy?,0.125,1,0.8844074010848999,,1,accepted,bc6309821c5e1debd0c6f9bdd88b06318f5e5bdd2169bb7f2ee120f9868cab75
vivos:train:VIVOSSPK05_R174,/Volumes/data/datasets/hibiki_vi_v2/tts/vivos_qwen3_tts_mlx_retry_v6/retry1_t07/groups/retry1_t07_VIVOSSPK05_0000_eaf0a902a452/wavs/vivos_train_VIVOSSPK05_R174.wav,3.28,CÓ MỘT BÀ GIÀ MỚI NGHỈ VIỆC,THERE IS AN OLD WOMAN WHO JUST QUIT HER JOB,Nika is an old woman who just quit her job.,0.1,1,0.8922797441482544,,1,accepted,1c273ffab4d2c8ab3e230c694c7302626f3f948884582f635a52aaa0604206eb
vivos:train:VIVOSSPK05_R066,/Volumes/data/datasets/hibiki_vi_v2/tts/vivos_qwen3_tts_mlx_retry_v6/attempt0_t08/groups/attempt0_t08_VIVOSSPK05_0000_14bc1fc03306/wavs/vivos_train_VIVOSSPK05_R066.wav,3.6,NGỒI LÂU TRÊN GHẾ KHÔNG YÊN,Sitting on a chair for a long time without feeling at ease,Next sitting on a chair for a long time without feeling at ease,0.08333333333333333,1,0.854436993598938,,0,accepted,92fab7aa0fe6c2bd1e5900688a58c7aba13340eaf4059d3483d23810782cf234
vivos:train:VIVOSSPK05_T033,/Volumes/data/datasets/hibiki_vi_v2/tts/vivos_qwen3_tts_mlx_retry_v6/attempt0_t08/groups/attempt0_t08_VIVOSSPK05_0000_14bc1fc03306/wavs/vivos_train_VIVOSSPK05_T033.wav,7.68,EM LẠI PHẢI LÊN BỆNH VIỆN CHĂM SÓC CHA BỊ NGÃ GIÀN GIÁO DẬP NÁT XƯƠNG ĐÙI,"I have to go to the hospital again to take care of my father, whose thigh bone was crushed after falling from scaffolding.",I have to go to the hospital again to take care of my father whose thigh bone was scratched after falling from scaffolding,0.043478260869565216,1,0.9516201615333557,,0,accepted,fd491b6dc67af1efb4d0e51bbc6a5fbfcbefd69104b8450c685078e88f8f1b39
vivos:train:VIVOSSPK18_137,/Volumes/data/datasets/hibiki_vi_v2/tts/vivos_qwen3_tts_mlx_retry_v6/attempt0_t08/groups/attempt0_t08_VIVOSSPK18_0000_129abf4e84da/wavs/vivos_train_VIVOSSPK18_137.wav,3.52,CÓ LÒI PHÒI PHÍA TRƯỚC,BUMP AHEAD,I'm going to add a comment.,3.0,6,0.8452357053756714,"silence_ratio,asr_wer,speaker_cosine",rejected,rejected,11f109e9c3ea78e9e71d0dc422e2ad3146c4164687bd4d00eeb76f0bcbf94e9a
vivos:train:VIVOSSPK18_113,/Volumes/data/datasets/hibiki_vi_v2/tts/vivos_qwen3_tts_mlx_retry_v6/attempt0_t08/groups/attempt0_t08_VIVOSSPK18_0000_129abf4e84da/wavs/vivos_train_VIVOSSPK18_113.wav,1.68,ĐƯỢC MỘT TRẬN CƯỜI NO NÊ,HAD A GOOD LAUGH,Mừng hát Agutla,1.0,4,0.9109609127044678,asr_wer,rejected,rejected,d7d76cbf81ffd5b92c0cac2143f35412431ff2bae99dcb426eda8c638d1c26af
vivos:train:VIVOSSPK18_029,/Volumes/data/datasets/hibiki_vi_v2/tts/vivos_qwen3_tts_mlx_retry_v6/attempt0_t08/groups/attempt0_t08_VIVOSSPK18_0000_129abf4e84da/wavs/vivos_train_VIVOSSPK18_029.wav,4.56,NỀN TẢNG LÀ GIA ĐÌNH,THE FOUNDATION IS THE FAMILY,Năm mũi ký sự việc xảy ra châu mì NHT Foundation is the family.,2.0,10,0.9005293250083923,"duration_ratio,asr_wer,prompt_leak",rejected,rejected,a2e12a0c50494a61a1c578ce48b02d84326af01cf27d9bfa4184d09c365c6390
vivos:train:VIVOSSPK18_108,/Volumes/data/datasets/hibiki_vi_v2/tts/vivos_qwen3_tts_mlx_retry_v6/attempt0_t08/groups/attempt0_t08_VIVOSSPK18_0000_129abf4e84da/wavs/vivos_train_VIVOSSPK18_108.wav,4.96,VẪN CHƯA CÓ MỘT CUỘC ĐIỀU TRA NÀO,THERE HAS STILL BEEN NO INVESTIGATION,"Mỗi khi sự viện xảy ra cho mình, there has still been no investigation.",1.3333333333333333,8,0.8902578353881836,"duration_ratio,asr_wer,prompt_leak",rejected,rejected,bb98e8e3907bce26b9523bfdf2c8e4c1280bc2f0650e7165f2c1d47a84023121
vivos:train:VIVOSSPK18_134,/Volumes/data/datasets/hibiki_vi_v2/tts/vivos_qwen3_tts_mlx_retry_v6/attempt0_t08/groups/attempt0_t08_VIVOSSPK18_0000_129abf4e84da/wavs/vivos_train_VIVOSSPK18_134.wav,4.48,VẬY MÀ SỐ PHẬN TRÉO NGOE LẠI KÉO HỌ ĐẾN VỚI NHAU,Yet an ironical fate brought them together.,"Every time that happens in our own, the irony of fate brought them together.",1.4285714285714286,10,0.9130860567092896,"asr_wer,prompt_leak",rejected,rejected,9b0a76dee8b7831dae0ab16c29d4d793c49038408200fa34f8375ec9f0f3e6f9
vivos:train:VIVOSSPK18_038,/Volumes/data/datasets/hibiki_vi_v2/tts/vivos_qwen3_tts_mlx_retry_v6/attempt0_t08/groups/attempt0_t08_VIVOSSPK18_0000_129abf4e84da/wavs/vivos_train_VIVOSSPK18_038.wav,5.76,ĐÓN CHÚNG TÔI Ở CỬA NGÕ PHÍA NAM PHÚ YÊN,WELCOMING US AT THE SOUTHERN GATEWAY OF PHU YEN,"Mỗi khi xử viện gại quải of Puying, Ninhwa Commons at the Southern Gateway of Puying,",1.3333333333333333,12,0.8476132750511169,"duration_ratio,asr_wer,prompt_leak,speaker_cosine",rejected,rejected,e431f7c4025b0f92a1c2f54b902e952a55852f348186f50614a39952db9d6b9c
vivos:train:VIVOSSPK18_299,/Volumes/data/datasets/hibiki_vi_v2/tts/vivos_qwen3_tts_mlx_retry_v6/attempt0_t08/groups/attempt0_t08_VIVOSSPK18_0000_129abf4e84da/wavs/vivos_train_VIVOSSPK18_299.wav,4.32,CHI PHÍ CHO MỘT CHUYẾN ĐI KHOẢNG VÀI TRĂM ĐÔ,THE COST FOR A TRIP IS ABOUT A FEW HUNDRED DOLLARS,"Mỗi khi sự việc xảy ra cho mình, make the cost for a trip is about a few hundred dollars.",0.8181818181818182,9,0.8673900365829468,"asr_wer,prompt_leak",rejected,rejected,529637186cadf6155e51ab363d400fc82183ae134c98452208e45878d546de07
vivos:train:VIVOSSPK18_177,/Volumes/data/datasets/hibiki_vi_v2/tts/vivos_qwen3_tts_mlx_retry_v6/attempt0_t08/groups/attempt0_t08_VIVOSSPK18_0000_129abf4e84da/wavs/vivos_train_VIVOSSPK18_177.wav,8.8,TRÊN LONG VỊ CỦA TỔ KHAI SƠN CÒN TẠI CHÙA GHI HÚY TÁNH NHẪN,"On the spirit tablet of the Founding Patriarch still at the temple, the taboo name Tanh Nhan is recorded.","My Kay Sử Việt Sảy Ra Châu Mình Hòn The Spirit Tablet of the Founding Patriarch, still at the temple. The taboo name Tháng Hán is recorded.",0.5789473684210527,11,0.9386852383613586,"duration_ratio,asr_wer",rejected,rejected,2388a4e4771b3dd193592e10bc2ccd13ee142a2d5eae10c02f10cf909a59c144
vivos:train:VIVOSSPK23_027,/Volumes/data/datasets/hibiki_vi_v2/tts/vivos_qwen3_tts_mlx_retry_v6/attempt0_t08/groups/attempt0_t08_VIVOSSPK23_0000_52dc7dc9797d/wavs/vivos_train_VIVOSSPK23_027.wav,4.24,CHỤP ẢNH KỸ THUẬT SỐ NGHE NHẠC KỸ THUẬT SỐ XEM PHIM KỸ THUẬT SỐ,DIGITAL PHOTOGRAPHY DIGITAL MUSIC LISTENING DIGITAL MOVIE WATCHING,"digital photography, digital music listening, digital movie watching.",0.0,0,0.956536591053009,,0,accepted,d4e11e27f4b25216e73db449589554cbf0f8dc26319d357d14c8c12a483cbfcb
vivos:train:VIVOSSPK23_047,/Volumes/data/datasets/hibiki_vi_v2/tts/vivos_qwen3_tts_mlx_retry_v6/attempt0_t08/groups/attempt0_t08_VIVOSSPK23_0000_52dc7dc9797d/wavs/vivos_train_VIVOSSPK23_047.wav,5.36,TÔI VẶN MẠNH TAY GA CHO XE VƯỢT NHANH THẤY CON MA KHÔNG NHÚC NHÍCH,"I revved the throttle hard to speed past, seeing that the ghost wasn't moving.","Revert the throttle had to speed past, seeing that the ghost wasn't moving.",0.21428571428571427,3,0.9348599910736084,,0,accepted,267f984a932b72e089011589d3a040efbcb24cd430a5c80628f065bafec63d81
vivos:train:VIVOSSPK23_100,/Volumes/data/datasets/hibiki_vi_v2/tts/vivos_qwen3_tts_mlx_retry_v6/attempt0_t08/groups/attempt0_t08_VIVOSSPK23_0000_52dc7dc9797d/wavs/vivos_train_VIVOSSPK23_100.wav,6.8,THIẾT NGHĨ NGÀNH CHỨC NĂNG CHỊU TRÁCH NHIỆM CHO XUẤT BẢN NHỮNG ẤN PHẨM NÀY CŨNG CẦN PHẢI LƯU TÂM,I think the relevant authorities responsible for publishing these publications also need to pay attention.,Think the relevant authorities responsible for publishing these publications also need to pay attention.,0.06666666666666667,1,0.8868479132652283,,0,accepted,e3f38c20371b0767deee538b94e10851319c718291ed3330a138140bc6aa8613
vivos:train:VIVOSSPK23_057,/Volumes/data/datasets/hibiki_vi_v2/tts/vivos_qwen3_tts_mlx_retry_v6/attempt0_t08/groups/attempt0_t08_VIVOSSPK23_0000_52dc7dc9797d/wavs/vivos_train_VIVOSSPK23_057.wav,7.68,THẬM CHÍ NHIỀU BẰNG CHỨNG CÒN CHO THẤY CÁC THỊ TỘC ĂN THỊT LẪN NHAU VỚI HY VỌNG CÓ THỂ TẠO ĐƯỢC SỨC MẠNH VÀ GIẢI TỎA CƠN ĐÓI,Even more evidence suggests that clans cannibalized each other in hopes of gaining strength and relieving their hunger.,Even more evidence suggests that clans cannibalize each other in hopes of gaining strength and relieving their hunger.,0.05555555555555555,1,0.9211390614509583,,0,accepted,6750c151dcefcf14d3de61ff6c929f2e1b5d5e098e143e91ef69f0b959ebd3b2
vivos:train:VIVOSSPK23_078,/Volumes/data/datasets/hibiki_vi_v2/tts/vivos_qwen3_tts_mlx_retry_v6/attempt0_t08/groups/attempt0_t08_VIVOSSPK23_0000_52dc7dc9797d/wavs/vivos_train_VIVOSSPK23_078.wav,9.2,NGƯỜI TA GẮN VÀO KẾT CẤU CỦA CHÚNG NHỮNG SỢI CÁP QUANG NHẠY CẢM VỚI ÁP LỰC CƠ HỌC ĐỂ THEO DÕI DIỄN BIẾN THƯỜNG XUYÊN CỦA CÔNG TRÌNH,Optical fibers sensitive to mechanical pressure are attached to their structures to constantly monitor the progress of the construction work.,Optical fibers sensitive to mechanical pressure are attached to their structures to constantly monitor the progress of the construction work.,0.0,0,0.9363012909889221,,0,accepted,0da58669d008017671dda20f05329203163792a0cfa9859618bed4c7f9a8b5ba
vivos:train:VIVOSSPK23_062,/Volumes/data/datasets/hibiki_vi_v2/tts/vivos_qwen3_tts_mlx_retry_v6/attempt0_t08/groups/attempt0_t08_VIVOSSPK23_0000_52dc7dc9797d/wavs/vivos_train_VIVOSSPK23_062.wav,9.44,VÀ LÒNG NHIỆT TÌNH CỦA CHÚNG TÔI ĐÃ ĐƯỢC ĐÁP LẠI CÁC EM ĐẾN LỚP ĐÔNG ĐỦ VÀ HÁO HỨC ĐẾN NỖI CÓ CHIẾN SĨ MỪNG RƠI NƯỚC MẮT,And our enthusiasm was rewarded; the children attended class in such large numbers and so eagerly that some soldiers wept for joy.,And our enthusiasm was rewarded. The children attended class in such large numbers and so eagerly that some soldiers wept for joy.,0.0,0,0.8942993879318237,,0,accepted,e95011505ba068eaa58537594385271f72617534255d023395e126b57a46fff5
vivos:train:VIVOSSPK23_105,/Volumes/data/datasets/hibiki_vi_v2/tts/vivos_qwen3_tts_mlx_retry_v6/attempt0_t08/groups/attempt0_t08_VIVOSSPK23_0000_52dc7dc9797d/wavs/vivos_train_VIVOSSPK23_105.wav,9.36,TRONG PHIM CHIẾC HỘP GIA BẢO KIỀU LINH CON GÁI CHÂU ĐÓNG VAI CHÍNH LINH XINH DUYÊN CŨNG MẶN MÀ NHƯ MẸ,"In the movie The Heirloom Box, Kieu Linh, Chau's daughter, plays the main role; Linh is pretty, charming, and as attractive as her mother.","In the movie The Halloum Box, Kyu Lin, Chao's daughter, plays the main role. Lin is pretty, charming and as attractive as her mother.",0.20833333333333334,5,0.9347933530807495,,0,accepted,27e717c0f6133252b3973c58354886a2ad018e92dea76ffeb50b84d4c64c652a
vivos:train:VIVOSSPK23_028,/Volumes/data/datasets/hibiki_vi_v2/tts/vivos_qwen3_tts_mlx_retry_v6/attempt0_t08/groups/attempt0_t08_VIVOSSPK23_0000_52dc7dc9797d/wavs/vivos_train_VIVOSSPK23_028.wav,10.08,TRƯỚC TÒA HÔM NAY NHIỀU NGƯỜI CON ĐÃ NGHẸN NGÀO NHẮC LẠI LỜI BỐ DẶN TRƯỚC LÚC MẤT BỐ CHẾT ANH EM PHẢI THUẬN HÒA ĐỪNG CHIA LÌA NHAU,"In court today, many children choked back tears as they recalled their father's dying words: ""When I die, you siblings must live in harmony and not be separated from one another.""","In God today, many children choke back tears as they recall their father's dying words. When I die, you siblings must live in harmony and not be separated from one another.",0.0967741935483871,3,0.9491990804672241,,0,accepted,6c628c5b018a208c4c9eee62ac511715643ed5d618f84bb6d879b8795b4e31e3
vivos:train:VIVOSSPK33_083,/Volumes/data/datasets/hibiki_vi_v2/tts/vivos_qwen3_tts_mlx_retry_v6/attempt0_t08/groups/attempt0_t08_VIVOSSPK33_0000_b97fb544ce98/wavs/vivos_train_VIVOSSPK33_083.wav,3.2,THỂ HIỆN SỰ VINH HẠNH MỘT CÁCH CHÂN THẬT KHI GẶP GỠ NHÀ TUYỂN DỤNG,SHOW GENUINE PLEASURE WHEN MEETING THE RECRUITER,"Shao Genwin, pleasure when meeting the recruiter.",0.2857142857142857,2,0.9106724262237549,,0,accepted,9374f175da33b0c89a359c59e107a9705cc18daaf0afc019fb85ef3320fb0cbc
vivos:train:VIVOSSPK33_187,/Volumes/data/datasets/hibiki_vi_v2/tts/vivos_qwen3_tts_mlx_retry_v6/attempt0_t08/groups/attempt0_t08_VIVOSSPK33_0000_b97fb544ce98/wavs/vivos_train_VIVOSSPK33_187.wav,5.6,AI CŨNG BIẾT RẰNG TRẺ NẠO PHÁ THAI SẼ ĐỂ LẠI NHỮNG HẬU QUẢ ĐÁNG TIẾC CHO TƯƠNG LAI,EVERYONE KNOWS THAT UNDERAGE ABORTIONS WILL LEAVE REGRETTABLE CONSEQUENCES FOR THE FUTURE,Rewan knows that underage abortions will leave regrettable consequences for the future.,0.08333333333333333,1,0.8911236524581909,,0,accepted,056945a21550c9ce038921061b3c2aa99e16790057fc4701766300758fae385e
vivos:train:VIVOSSPK33_009,/Volumes/data/datasets/hibiki_vi_v2/tts/vivos_qwen3_tts_mlx_retry_v6/attempt0_t08/groups/attempt0_t08_VIVOSSPK33_0000_b97fb544ce98/wavs/vivos_train_VIVOSSPK33_009.wav,5.36,XUNG QUANH CÂU CHUYỆN CỦA NGƯỜI CON HIẾU THẢO NÀY CÒN CÓ NHIỀU CHI TIẾT LÀM NGƯỜI KHÁC XÚC ĐỘNG,"Surrounding the story of this filial child, there are also many details that move people.","Surrounding the story of this filial child, there are also many details that move people",0.0,0,0.8582220077514648,,0,accepted,341b1ae14f7ef85dfa1bf702e268bd154498960b901a7f551e37086ff9016a01
vivos:train:VIVOSSPK33_063,/Volumes/data/datasets/hibiki_vi_v2/tts/vivos_qwen3_tts_mlx_retry_v6/attempt0_t08/groups/attempt0_t08_VIVOSSPK33_0000_b97fb544ce98/wavs/vivos_train_VIVOSSPK33_063.wav,6.8,HÔM NAY CÁC NGUYÊN THỦ SẼ THẢO LUẬN VỀ VẤN ĐỀ HỢP TÁC KINH TẾ VÀ RA TUYÊN BỐ CHUNG,"TODAY, THE HEADS OF STATE WILL DISCUSS THE ISSUE OF ECONOMIC COOPERATION AND ISSUE A JOINT DECLARATION","Today, the Heads of State will discuss the issue of economic cooperation and issue a joint declaration.",0.0,0,0.9073137044906616,,0,accepted,d7710f8d5e0dc3a6c879216719ada1c5af3da857347c16154e754ca6965e57ca
vivos:train:VIVOSSPK33_090,/Volumes/data/datasets/hibiki_vi_v2/tts/vivos_qwen3_tts_mlx_retry_v6/attempt0_t08/groups/attempt0_t08_VIVOSSPK33_0000_b97fb544ce98/wavs/vivos_train_VIVOSSPK33_090.wav,5.92,NẾU CHỈ NHÌN VÀO NHỮNG VỤ MÀ TA XỬ XỬ NHIỀU HAY ÍT TRONG ĐÓ CÓ CẢ CẤP CAO,"If we only look at the number of cases we have tried, whether many or few, including high-level ones,","If we only look at the number of cases we have tried, whether many or few including high-level ones,",0.0,0,0.8666417598724365,,0,accepted,e423900559c767eb5c8bf87aca81e2b183f9ee6056d2f2ddd5036c9aafe2151c
vivos:train:VIVOSSPK33_100,/Volumes/data/datasets/hibiki_vi_v2/tts/vivos_qwen3_tts_mlx_retry_v6/attempt0_t08/groups/attempt0_t08_VIVOSSPK33_0000_b97fb544ce98/wavs/vivos_train_VIVOSSPK33_100.wav,6.32,CHỊ TRẦN THỊ MƯỜI VỪA TÌM THẤY CÁI GIƯỜNG NHÀ MÌNH BỊ SÓNG CUỐN RA BIỂN ẢNH MINH THU,Ms. Tran Thi Muoi has just found her family's bed that was swept out to sea by the waves. Photo: Minh Thu,Tran Thi Mui has just found her family's bed that was swept out to sea by the waves. Photo Min Thu,0.13636363636363635,3,0.9073669910430908,,0,accepted,0a62ca1901a70db4d3f67d7a269be737a99522a5c98deb0a0bad0efb6fbfe553
vivos:train:VIVOSSPK33_045,/Volumes/data/datasets/hibiki_vi_v2/tts/vivos_qwen3_tts_mlx_retry_v6/attempt0_t08/groups/attempt0_t08_VIVOSSPK33_0000_b97fb544ce98/wavs/vivos_train_VIVOSSPK33_045.wav,7.92,BÀ TƯ TẮM SÔNG ĐÃ THÀNH NGƯỜI THIÊN CỔ THẬT RỒI NGƯỜI TA DẠT RA RỒI NGAY LẬP TỨC NHAO LẠI KHI BÀ TƯ LÊN BỜ,"Mrs. Tu, who bathed in the river, is truly gone forever now. People parted, and then immediately rushed back in when Mrs. Tu came ashore.",Miss Tu who bathed in the river is truly gone forever now. People parted and then immediately rushed back in when Mrs. Tu came ashore.,0.04,1,0.9130367040634155,,0,accepted,7c3cb3706ef11a6cd0dc1f7568ff90740bf4e5084b790b9a23797bde8cb40284
vivos:train:VIVOSSPK33_006,/Volumes/data/datasets/hibiki_vi_v2/tts/vivos_qwen3_tts_mlx_retry_v6/attempt0_t08/groups/attempt0_t08_VIVOSSPK33_0000_b97fb544ce98/wavs/vivos_train_VIVOSSPK33_006.wav,9.28,BÀ BÁN THUỐC LÁ NGỒI PHE PHẨY CÁI QUẠT GIẤY BÊN KIA ĐƯỜNG TRƯỚC TIỆM KEM CẠNH RẠP CHIẾU BÓNG MỘT THANH NIÊN DỪNG CHIẾC XE ĐẠP CHỜ AI,"The woman selling cigarettes sat fanning herself with a paper fan across the street in front of the ice cream shop next to the cinema, while a young man stopped his bicycle, waiting for someone.",The woman selling cigarettes sat fending herself with a paper fan across the street in front of the ice cream shop next to the cinema while a young man stopped his bicycle waiting for someone.,0.02857142857142857,1,0.9478418231010437,,0,accepted,aa83dea66f84419b66f15b6f7cb454397eff0774b83d6ab5b41009f169e95869
vivos:train:VIVOSSPK35_143,/Volumes/data/datasets/hibiki_vi_v2/tts/vivos_qwen3_tts_mlx_retry_v6/attempt0_t08/groups/attempt0_t08_VIVOSSPK35_0000_c20938ae8be4/wavs/vivos_train_VIVOSSPK35_143.wav,3.2,CÔ ẤY THẬT SỰ LÀ DẠNG TÀI NĂNG CHỈ THẤY MỘT LẦN TRONG MỘT THẾ HỆ,She really is a once-in-a-generation talent.,Really it's a once in a generation talent,0.2222222222222222,2,0.8152140378952026,"duration_ratio,speaker_cosine",rejected,rejected,a74cb2a528f295b1d0eb975b7608687edae740c93b7966853ace3c018470e605
vivos:train:VIVOSSPK35_001,/Volumes/data/datasets/hibiki_vi_v2/tts/vivos_qwen3_tts_mlx_retry_v6/attempt0_t08/groups/attempt0_t08_VIVOSSPK35_0000_c20938ae8be4/wavs/vivos_train_VIVOSSPK35_001.wav,5.04,NHƯNG CẢ HAI LẦN ANH ĐỀU THƯƠNG TIẾC CHO SỐ PHẬN CỦA LÂM ĐẠI NGỌC ANH GẬT ĐẦU NÓI THÊM,"But both times he felt pity for Lin Daiyu's fate, he nodded and added:",But both times he felt pity for Linda Ayusved. He nodded and added.,0.21428571428571427,3,0.91087406873703,,0,accepted,b91d9040544cdac336ebfd4219efac4c6d878b56f2b8c4d4c7ecb72271fbdc7b
vivos:train:VIVOSSPK35_086,/Volumes/data/datasets/hibiki_vi_v2/tts/vivos_qwen3_tts_mlx_retry_v6/attempt0_t08/groups/attempt0_t08_VIVOSSPK35_0000_c20938ae8be4/wavs/vivos_train_VIVOSSPK35_086.wav,6.56,CHỒNG CƯỜI TOE VÂN VÊ RÂU THÌ CŨNG PHẢI CHO NGƯỜI TA PHỤC THIỆN NHỞ,"My husband grinned and twirled his beard, saying, ""You've got to let people make amends, right?""","Mi husband grinned and tore his beard saying, you've got to let people make amends, right?",0.125,2,0.9189403057098389,,0,accepted,11254fb75da31e8a278239d4289d6c057db00ea6faabe5198a5a62dc7461cbf0
vivos:train:VIVOSSPK35_018,/Volumes/data/datasets/hibiki_vi_v2/tts/vivos_qwen3_tts_mlx_retry_v6/attempt0_t08/groups/attempt0_t08_VIVOSSPK35_0000_c20938ae8be4/wavs/vivos_train_VIVOSSPK35_018.wav,8.08,CÓ NHƯ VẬY MỚI ÍT NHIỀU THỎA LÒNG KHÁCH HÀNG VÀ BẢN THÂN MÌNH CŨNG KHÔNG BỊ TỤT HẬU,Only in this way can we satisfy our customers to some extent and keep ourselves from falling behind.,Only in this way can we satisfy our customers to some extent and keep ourselves from falling behind.,0.0,0,0.9201452732086182,,0,accepted,f20679cdb620255cd4204f40a0556530744e5c0932ff4c8231e0974d00bd31a6
vivos:train:VIVOSSPK35_240,/Volumes/data/datasets/hibiki_vi_v2/tts/vivos_qwen3_tts_mlx_retry_v6/attempt0_t08/groups/attempt0_t08_VIVOSSPK35_0000_c20938ae8be4/wavs/vivos_train_VIVOSSPK35_240.wav,7.44,SAU SUẤT CHIÊU ĐÃI ĐẦU TIÊN ĐÃ BÁN SẠCH VÉ HAI SUẤT TIẾP THEO BỖNG CÓ LỆNH NGƯNG BUỘC PHẢI TRẢ VÉ,"After the first screening sold out, the next two screenings were suddenly ordered to be canceled, forcing ticket refunds.","After the first screening sold out, the next two screenings were suddenly ordered to be cancelled, forcing ticket refunds.",0.05263157894736842,1,0.9280464053153992,,0,accepted,2de16b770e65b7471cc68bc23a86d5d930b0de758fde4cb64bcb4b8997c97d40
vivos:train:VIVOSSPK35_251,/Volumes/data/datasets/hibiki_vi_v2/tts/vivos_qwen3_tts_mlx_retry_v6/attempt0_t08/groups/attempt0_t08_VIVOSSPK35_0000_c20938ae8be4/wavs/vivos_train_VIVOSSPK35_251.wav,6.96,NGƯỜI ANH RỂ NGẠI VIỆT TRỞ THÀNH GÁNH NẶNG NÊN KHÔNG CHO Ở CHUNG NHÀ,"THE BROTHER-IN-LAW IS AFRAID OF BECOMING A BURDEN TO VIET, SO HE DOES NOT ALLOW VIET TO LIVE IN THE SAME HOUSE","Brother-in-law is afraid of becoming a burden to Viet, so he does not allow Viet to live in the same house.",0.041666666666666664,1,0.9089801907539368,,0,accepted,14951c00608cffd36e5400893c08e836edbf5e335ac7f37472b02ebbe82cc27d
vivos:train:VIVOSSPK35_074,/Volumes/data/datasets/hibiki_vi_v2/tts/vivos_qwen3_tts_mlx_retry_v6/attempt0_t08/groups/attempt0_t08_VIVOSSPK35_0000_c20938ae8be4/wavs/vivos_train_VIVOSSPK35_074.wav,10.08,NẾU THẮNG TRONG NHỮNG LẦN LƯỚT SÓNG CHỨNG KHOÁN TRƯỞNG NHÓM CHIA THEO TỈ LỆ VỐN GÓP THUA CÙNG CHỊU,"If there are profits from stock swing trading, the team leader distributes them based on the capital contribution ratio, and losses are shared together.",There are profits from stock swing trading. The team leader distributes them based on the capital contribution ratio and losses are shared together.,0.041666666666666664,1,0.918230414390564,,0,accepted,b9ffd706459d8fe9acfc9a423f4a5bfcf73c70ce8ff12bfc3d36eea8af4c3c1d
vivos:train:VIVOSSPK35_261,/Volumes/data/datasets/hibiki_vi_v2/tts/vivos_qwen3_tts_mlx_retry_v6/attempt0_t08/groups/attempt0_t08_VIVOSSPK35_0000_c20938ae8be4/wavs/vivos_train_VIVOSSPK35_261.wav,11.92,DUYÊN THÂN MẬT BÁC NẤU ĂN KHÉO QUÁ MỖI NGÀY CON SẼ TRANH THỦ ĐẾN NHỜ BÁC DẠY NẤU ĂN CHỨ VŨ TÊN EM TÔI KÉN ĂN DỮ LẮM,"You have such a warm personality, and you cook so well. Every day I'll try to come by and ask you to teach me how to cook, because Vu—my younger sibling—is a very picky eater.","You have such a warm personality and you cook so well. Every day I'll try to come by and ask you to teach me how to cook because Vu, my younger sibling, is a very picky eater.",0.0,0,0.9136135578155518,,0,accepted,4a745ee124f7ba11e1c4299c7031b34dab370a485e8dd925a12897305b64b381
vivos:train:VIVOSSPK37_066,/Volumes/data/datasets/hibiki_vi_v2/tts/vivos_qwen3_tts_mlx_retry_v6/attempt0_t08/groups/attempt0_t08_VIVOSSPK37_0000_0a4c8316674a/wavs/vivos_train_VIVOSSPK37_066.wav,3.68,MỖI GIAI ĐOẠN CỦA CUỘC ĐỜI MANG LẠI CHO BẠN NHỮNG CẢM XÚC KHÁC NHAU,EVERY STAGE OF LIFE BRINGS YOU DIFFERENT EMOTIONS,At every state of life brings you different emotions.,0.25,2,0.9517664909362793,,0,accepted,274ff9c8c64a8b0db27a662fa03a5766ba3f114550ca4782215d0689f7ab7f35
vivos:train:VIVOSSPK37_022,/Volumes/data/datasets/hibiki_vi_v2/tts/vivos_qwen3_tts_mlx_retry_v6/attempt0_t08/groups/attempt0_t08_VIVOSSPK37_0000_0a4c8316674a/wavs/vivos_train_VIVOSSPK37_022.wav,4.0,CÔ KHÔNG THỂ ĐI ĐƯỢC XE BUÝT VÀ CŨNG KHÔNG CÓ XE ĐẠP ĐỂ ĐI,"She couldn't take the bus, nor did she have a bicycle to ride.",Haksei couldn't take the bus nor did she have a bicycle to ride.,0.07692307692307693,1,0.9663505554199219,,0,accepted,e45ef6e53b11cc2ec95147fdb0585703ea230f78ac1abd13cdd4763061de847a
vivos:train:VIVOSSPK37_100,/Volumes/data/datasets/hibiki_vi_v2/tts/vivos_qwen3_tts_mlx_retry_v6/attempt0_t08/groups/attempt0_t08_VIVOSSPK37_0000_0a4c8316674a/wavs/vivos_train_VIVOSSPK37_100.wav,6.64,HIỆN CÓ BA XU HƯỚNG CHỈ ĐẠO PHÁT TRIỂN KHU TRUNG TÂM ĐANG ĐƯỢC TRANH CÃI,THERE ARE CURRENTLY THREE MAIN DEVELOPMENT TRENDS FOR THE CENTRAL AREA THAT ARE UNDER DEBATE,Hack there are commonly three main development trends for the central area that are under debate.,0.13333333333333333,2,0.9457974433898926,,0,accepted,71dabf6f553299693e9466c7361c449a2947060e307d36b47c9d70a2008d607a
vivos:train:VIVOSSPK37_015,/Volumes/data/datasets/hibiki_vi_v2/tts/vivos_qwen3_tts_mlx_retry_v6/attempt0_t08/groups/attempt0_t08_VIVOSSPK37_0000_0a4c8316674a/wavs/vivos_train_VIVOSSPK37_015.wav,6.48,THÀNH LẬP NHANH CHẤT LƯỢNG DỊCH VỤ RẤT KHÓ NẮM BẮT NHƯNG HẦU HẾT CÁC CÔNG TY NÀY VẪN SỐNG KHỎE RE,"Service quality is very difficult to grasp, but most of these companies are still doing just fine.","Service quality is very difficult to grasp, but most of these companies are still doing just fine.",0.0,0,0.9119299650192261,,0,accepted,d04c9b0f00fdd48124bbb377b00a1e21d0ed1da60b7589037737944ac5a0e35b
vivos:train:VIVOSSPK37_012,/Volumes/data/datasets/hibiki_vi_v2/tts/vivos_qwen3_tts_mlx_retry_v6/attempt0_t08/groups/attempt0_t08_VIVOSSPK37_0000_0a4c8316674a/wavs/vivos_train_VIVOSSPK37_012.wav,5.52,THẬT KHÓ ĐỂ CHỮA LẠI NÊN ANH ĐÀNH LƠ ĐI VÀ BỊA RA CÂU CHUYỆN VỀ CÀ PHÊ MUỐI,It was so hard to fix that he just ignored it and made up a story about salted coffee.,Hatt was so hard to fix that he just ignored it and made up a story about salted coffee.,0.05263157894736842,1,0.9324995279312134,,0,accepted,0ae1b5d46f865a4196fa2d21380027416709420826b7b01b656378c5197647e6
vivos:train:VIVOSSPK37_088,/Volumes/data/datasets/hibiki_vi_v2/tts/vivos_qwen3_tts_mlx_retry_v6/attempt0_t08/groups/attempt0_t08_VIVOSSPK37_0000_0a4c8316674a/wavs/vivos_train_VIVOSSPK37_088.wav,9.76,SAU ĐÓ NHÓM NGHIÊN CỨU ĐÁNH GIÁ MỨC ĐỘ HẠNH PHÚC VÀ THỎA MÃN CỦA CÁC ĐỐI TƯỢNG VỀ MÓN HÀNG MỚI MUA HOẶC TRẢI NGHIỆM SỐNG VỪA LÀM,"Then, the research team evaluated the subjects' levels of happiness and satisfaction regarding their newly purchased items or recent life experiences.",10. The research team evaluated the subject's levels of happiness and satisfaction regarding their newly purchased items or recent life experiences.,0.09523809523809523,2,0.9174907207489014,,0,accepted,20b34de3478272ba5b3983ed796d30ce33a32f5726b2820b3c9a884ad03a6cba
vivos:train:VIVOSSPK37_119,/Volumes/data/datasets/hibiki_vi_v2/tts/vivos_qwen3_tts_mlx_retry_v6/retry1_t07/groups/retry1_t07_VIVOSSPK37_0000_107f6f13fa43/wavs/vivos_train_VIVOSSPK37_119.wav,10.8,CÒN NHỮNG BỆNH NHÂN ĐƯỢC ĐIỀU TRỊ KỸ THUẬT CAO VẪN TÍNH THEO THÔNG TƯ CŨ VÌ DANH MỤC MỚI CHÍNH THỨC CHƯA CÓ,"As for patients receiving high-tech treatments, their fees are still calculated according to the old circular because the official new list is not yet available.","HAT TAS for patients receiving high-tech treatments, their fees are still calculated according to the old circular because the official new list is not yet available.",0.07692307692307693,2,0.9222037196159363,,1,accepted,46077af70d4b2c41e1096a15cf175d9c0e31e2fb770fc1cf0708d819e62d0cae
vivos:train:VIVOSSPK37_102,/Volumes/data/datasets/hibiki_vi_v2/tts/vivos_qwen3_tts_mlx_retry_v6/attempt0_t08/groups/attempt0_t08_VIVOSSPK37_0000_0a4c8316674a/wavs/vivos_train_VIVOSSPK37_102.wav,10.72,MỘT NGƯỜI DÂN TẠI XÃ TAM AN CÒN CHO BIẾT TRƯỚC ĐÂY MUỐN BẮT CUA CÂU CÁ CHỈ CẦN XUỐNG SUỐI CÂU KHOẢNG MỘT GIỜ LÀ ĐỦ ĂN,"A resident in Tam An Commune also said that in the past, if you wanted to catch crabs or fish, you only needed to go down to the stream and fish for about an hour to have enough to eat.","Resident in Taman Commune also said that in the past, if you wanted to catch crabs or fish, you only needed to go down to the stream and fish for about an hour to have enough to eat.",0.075,3,0.8923981189727783,,0,accepted,1d8458b4d287054e912b5e0a4b3eb799045db0ae6181b77df5c8ea67e4227f8b
vivos:train:VIVOSSPK41_239,/Volumes/data/datasets/hibiki_vi_v2/tts/vivos_qwen3_tts_mlx_retry_v6/retry1_t07/groups/retry1_t07_VIVOSSPK41_0000_877816865718/wavs/vivos_train_VIVOSSPK41_239.wav,1.6,TRÒ ĐỒNG THANH DẠ DÂN GIAN LÀ THẦY VỚI TỤI CON,THE FOLK CHANTING GAME,The Fulton Game,0.5,2,0.9035050868988037,,1,accepted,24a3efc04177a3d206f2b526ac01466e62e74a023f10c11220686c622ce9bf1d
vivos:train:VIVOSSPK41_110,/Volumes/data/datasets/hibiki_vi_v2/tts/vivos_qwen3_tts_mlx_retry_v6/retry1_t07/groups/retry1_t07_VIVOSSPK41_0000_877816865718/wavs/vivos_train_VIVOSSPK41_110.wav,3.44,HAI MIỀN TRIỀU TIÊN MUỐN CHẤM DỨT ĐỐI ĐẦU TRÊN BIỂN,THE TWO KOREAS WANT TO END CONFRONTATION AT SEA,Look the two Koreas want to end confrontation at sea.,0.1111111111111111,1,0.9654064178466797,,1,accepted,c6d55aef95cfd3c9c33b670bc57e367bbd07417acf71f6ea83528582743d3ea2
vivos:train:VIVOSSPK41_224,/Volumes/data/datasets/hibiki_vi_v2/tts/vivos_qwen3_tts_mlx_retry_v6/attempt0_t08/groups/attempt0_t08_VIVOSSPK41_0000_e3c9c85b940b/wavs/vivos_train_VIVOSSPK41_224.wav,4.4,HỆ THỐNG NGÂN HÀNG LẠI MỘT LẦN NỮA NHƯ TRỨNG ĐỂ ĐẦU GẬY,THE BANKING SYSTEM IS ONCE AGAIN HANGING BY A THREAD,Banking system is once again hanging by a friend.,0.2,2,0.9584640264511108,,0,accepted,d944fbf7927703f85379759455a90be40fbc494e77056f763eba0095d0804e8f
vivos:train:VIVOSSPK41_116,/Volumes/data/datasets/hibiki_vi_v2/tts/vivos_qwen3_tts_mlx_retry_v6/attempt0_t08/groups/attempt0_t08_VIVOSSPK41_0000_e3c9c85b940b/wavs/vivos_train_VIVOSSPK41_116.wav,3.6,ĐÂY CŨNG LÀ TRẬN THUA ĐẦU TIÊN TRÊN SÂN NHÀ MÙA NÀY CỦA BÌNH ĐỊNH,This is also Binh Dinh's first home defeat of this season.,This is also being the first home defeat of this season.,0.18181818181818182,2,0.9306796789169312,,0,accepted,503846c125769fdb97757450a3be60379ac226291d9fc5e4f5e0f48b1dbca2b8
vivos:train:VIVOSSPK41_220,/Volumes/data/datasets/hibiki_vi_v2/tts/vivos_qwen3_tts_mlx_retry_v6/attempt0_t08/groups/attempt0_t08_VIVOSSPK41_0000_e3c9c85b940b/wavs/vivos_train_VIVOSSPK41_220.wav,4.4,CÒN CHƠI ĐIỆN TỬ NỮA THÌ BÀ NÉM ĐI LUÔN ĐẤY,"If you keep playing video games, I'm throwing them away right now.","Hiếu, you keep playing video games. I'm throwing them away right now.",0.08333333333333333,1,0.9496115446090698,,0,accepted,9cd91da3430f9cc58fc0c351deef0e6dec2529ab18b1d1e00de421e2ee842b4d
vivos:train:VIVOSSPK41_033,/Volumes/data/datasets/hibiki_vi_v2/tts/vivos_qwen3_tts_mlx_retry_v6/attempt0_t08/groups/attempt0_t08_VIVOSSPK41_0000_e3c9c85b940b/wavs/vivos_train_VIVOSSPK41_033.wav,4.88,ĐÂY LÀ BỘ ĐÀN ĐÁ CÓ TỪ THỜI ĐẠI ĐỒ ĐÁ MỚI RẤT QUÍ,This is a very valuable lithophone set dating back to the Neolithic Age.,This is a very valuable little foam set dating back to the Neolithic age.,0.15384615384615385,2,0.9293038845062256,,0,accepted,b27aa9498c5c04225cc3929623d570dd35f14cd30cc804b3c274c79166c0926a
vivos:train:VIVOSSPK41_296,/Volumes/data/datasets/hibiki_vi_v2/tts/vivos_qwen3_tts_mlx_retry_v6/attempt0_t08/groups/attempt0_t08_VIVOSSPK41_0000_e3c9c85b940b/wavs/vivos_train_VIVOSSPK41_296.wav,5.36,ÔNG TA LẤY TAY ĐẨY SAU LƯNG BÀ VỢ ĐANG MIỄN CƯỠNG ĐI THEO HOÀNG,"He pushed the back of his wife, who was reluctantly following Hoang, with his hand.","He pushed the back of his wife, who was reluctantly following Hong with his hand.",0.06666666666666667,1,0.9607588052749634,,0,accepted,dbe61a04b958570064b81556d3eaf4233636ed50a07038d2cd55ecc38fe197ee
vivos:train:VIVOSSPK41_151,/Volumes/data/datasets/hibiki_vi_v2/tts/vivos_qwen3_tts_mlx_retry_v6/attempt0_t08/groups/attempt0_t08_VIVOSSPK41_0000_e3c9c85b940b/wavs/vivos_train_VIVOSSPK41_151.wav,7.2,GIẬM CHÂN BỨT TÓC KÊU TRỜI TRỜI BẢO TA CŨNG ĐÀNH KHOANH TAY NHẮM MẮT,"Stamping feet and tearing out hair to cry out to Heaven, Heaven says I too can only fold my arms and close my eyes.",Lực stamping feet and tearing out hair to cry out to heaven. Heaven says I too can only fold my arms and close my eyes.,0.041666666666666664,1,0.9443516135215759,duration_ratio,rejected,rejected,6a68dc6e32f4c43eba34c425ffc87beba140e281bffeb3134b96f1caa910880f
vivos:train:VIVOSSPK43_133,/Volumes/data/datasets/hibiki_vi_v2/tts/vivos_qwen3_tts_mlx_retry_v6/attempt0_t08/groups/attempt0_t08_VIVOSSPK43_0000_185071afb367/wavs/vivos_train_VIVOSSPK43_133.wav,3.52,TẠO HÌNH ÂM ĐẠO CHO MỘT NGƯỜI LƯỠNG GIỚI GIẢ NAM,VAGINOPLASTY FOR A MALE PSEUDOHERMAPHRODITE,vaginoplasty for amalev pseudo-hemaphrodite.,0.6,3,0.8645932078361511,asr_wer,rejected,rejected,50def90544414a5a068f0130a914b259fcded1a6c9ce0b4d2af982e7a6e0a514
vivos:train:VIVOSSPK43_098,/Volumes/data/datasets/hibiki_vi_v2/tts/vivos_qwen3_tts_mlx_retry_v6/attempt0_t08/groups/attempt0_t08_VIVOSSPK43_0000_185071afb367/wavs/vivos_train_VIVOSSPK43_098.wav,3.04,MỘT BÀN THẮNG MAY MẮN VÀ ĐẦY BẤT NGỜ TRONG TRẬN ĐẤU TẺ NHẠT,A LUCKY AND SURPRISING GOAL IN A DULL MATCH,Lucky and surprising goal in a dull match,0.1111111111111111,1,0.9537526369094849,,0,accepted,19d77ba7f0b6195618b906598d1af96b96e70c2e94d7e7efdce23295b89190d3
vivos:train:VIVOSSPK43_207,/Volumes/data/datasets/hibiki_vi_v2/tts/vivos_qwen3_tts_mlx_retry_v6/attempt0_t08/groups/attempt0_t08_VIVOSSPK43_0000_185071afb367/wavs/vivos_train_VIVOSSPK43_207.wav,3.52,BỐ ĐÃ KHÔNG KIỂM SOÁT ĐƯỢC MÌNH MỖI KHI NHẬU SAY,Dad lost control of himself every time he got drunk.,Dad lost control of himself every time he got drunk.,0.0,0,0.9073458313941956,,0,accepted,40cc0191b0d581a9f0533d656d8095ab62269f5f75b72a0b553bd5386f711f3d
vivos:train:VIVOSSPK43_234,/Volumes/data/datasets/hibiki_vi_v2/tts/vivos_qwen3_tts_mlx_retry_v6/attempt0_t08/groups/attempt0_t08_VIVOSSPK43_0000_185071afb367/wavs/vivos_train_VIVOSSPK43_234.wav,3.52,VIỆC THAY ĐỔI NÀY CHƯA CÓ Ý KIẾN CỦA THỦ TƯỚNG,THIS CHANGE HAS NOT YET BEEN APPROVED BY THE PRIME MINISTER,This change has not yet been approved by the Prime Minister.,0.0,0,0.8521623611450195,,0,accepted,a234a3cca59944be4cdaa3a57a174568b0dd674d9bac5f4a2df52bca2aee1144
vivos:train:VIVOSSPK43_022,/Volumes/data/datasets/hibiki_vi_v2/tts/vivos_qwen3_tts_mlx_retry_v6/retry1_t07/groups/retry1_t07_VIVOSSPK43_0000_1d25a0d3de9a/wavs/vivos_train_VIVOSSPK43_022.wav,4.48,SAU ĐÁM TANG MIẾU THỜ ANH PHAN THẾ PHƯƠNG ĐƯỢC LẬP,"AFTER THE FUNERAL, A SHRINE WAS ERECTED FOR MR. PHAN THE PHUONG","After the funeral, a shrine was erected from Mr. Fan de Fuong.",0.3333333333333333,4,0.9823882579803467,,1,accepted,545c7c40e66dc51cdac9a128fbaf16d7718d73c50f60f106d4f671e3056fa264
vivos:train:VIVOSSPK43_097,/Volumes/data/datasets/hibiki_vi_v2/tts/vivos_qwen3_tts_mlx_retry_v6/attempt0_t08/groups/attempt0_t08_VIVOSSPK43_0000_185071afb367/wavs/vivos_train_VIVOSSPK43_097.wav,4.32,MÌNH KHÔNG PHẢI LÀ NGƯỜI THÂN MÀ KHI XỬ CÒN CẢM THẤY ĐAU LÒNG,"Even though I'm not a relative, I still feel heartbroken watching the trial.","Even though I'm not a relative, I still feel heartbroken watching the trial.",0.0,0,0.9276564121246338,,0,accepted,a5233198563a61a97d3f853c0bd1ff3692d7fa11391a739e47867bac99be3aac
vivos:train:VIVOSSPK43_072,/Volumes/data/datasets/hibiki_vi_v2/tts/vivos_qwen3_tts_mlx_retry_v6/attempt0_t08/groups/attempt0_t08_VIVOSSPK43_0000_185071afb367/wavs/vivos_train_VIVOSSPK43_072.wav,5.92,MẤY CẬU CON TRAI LỚN LÊN LÀ LẠI THEO MẤY ANH MẤY CHÚ VÔ RỪNG,"As the boys grow up, they follow the older guys and uncles into the forest.","The boys grow up, they follow the older guys and uncles into the forest.",0.06666666666666667,1,0.8551921844482422,,0,accepted,24d8a9274feebb8def6ec241925b6732dc205ae398b1c1b644fac69245f5df86
vivos:train:VIVOSSPK43_135,/Volumes/data/datasets/hibiki_vi_v2/tts/vivos_qwen3_tts_mlx_retry_v6/attempt0_t08/groups/attempt0_t08_VIVOSSPK43_0000_185071afb367/wavs/vivos_train_VIVOSSPK43_135.wav,7.68,BAN NGÀY LO LÀM CÁI RẪY CÁI LÚA BAN ĐÊM ĐI HỌC CÁI CHỮ THÔI,"During the day, I focus on working the fields and growing rice, and at night, I just go to class to learn to read and write.","During the day, I focus on working the fields and growing rice and at night I just go to class to learn to read and write.",0.0,0,0.9384540915489197,duration_ratio,rejected,rejected,9139ce3ec867dfacf09cd1e9add3dc16bdd276c4555e350ce8ea1a6a55bd3100
