sample,audio_file,duration_s,transcript_vi,reference_en,asr_output_en,asr_wer,speaker_cosine,failure_reasons,attempt,decision,audio_sha256
vivos:train:VIVOSSPK08_R036,/Volumes/data/datasets/hibiki_vi_v2/tts/vivos_qwen3_tts_mlx_compaction_v5/row_rng_length_compact_recurrent_b8_t08_quality64_attempt0/groups/VIVOSSPK08_000_a7cca61a2a34/wavs/vivos_train_VIVOSSPK08_R036.wav,8.8,BIỂU CHỊ ĐƯA CHỒNG VỀ KIẾM ĐỒ KHÔ MÀ THAY ĐỂ VẦY CẢM LẠNH CHẾT,"Tell her to take her husband home to get some dry clothes to change into; leaving him like this, he'll catch a cold and die.","to tell her to take her husband home to get some dry clothes to change into. Leaving him like this, he'll catch a cold and die.",0.04,0.9293379187583923,duration_ratio,rejected,rejected,f475caa78bafd0db6ead6022ada5b928aeecbf585b828b92ea9653e153e09fd0
vivos:train:VIVOSSPK08_R085,/Volumes/data/datasets/hibiki_vi_v2/tts/vivos_qwen3_tts_mlx_compaction_v5/row_rng_length_compact_recurrent_b8_t08_quality64_attempt0/groups/VIVOSSPK08_000_a7cca61a2a34/wavs/vivos_train_VIVOSSPK08_R085.wav,3.04,ĐÁM HỌC TRÒ QUAY LẠI NHÌN CẬU HỌC TRÒ MỚI,THE STUDENTS TURNED TO LOOK AT THE NEW STUDENT,Told the students turn to look at the new students.,0.3333333333333333,0.9292877316474915,,0,accepted,934fba6c634c9b9cc03a13afa8fdf83e5a9375143a1778da37bf676625c8a03e
vivos:train:VIVOSSPK08_R091,/Volumes/data/datasets/hibiki_vi_v2/tts/vivos_qwen3_tts_mlx_compaction_v5/row_rng_length_compact_recurrent_b8_t08_quality64_attempt0/groups/VIVOSSPK08_000_a7cca61a2a34/wavs/vivos_train_VIVOSSPK08_R091.wav,5.6,BẰNG CHỨNG CỦA CÔNG TÁC VỆ SINH NÀY LÀ ĐÁM DỬ GHÈN XUẤT HIỆN MỖI SÁNG,The evidence of this cleaning process is the eye discharge that appears every morning.,Total evidence of this cleaning process is the eye discharge that appears every morning.,0.07142857142857142,0.9193652868270874,,0,accepted,054795f17f8c6358e840e12e5b1b672cbad01d0992f1045b24010845f26df29e
vivos:train:VIVOSSPK08_R108,/Volumes/data/datasets/hibiki_vi_v2/tts/vivos_qwen3_tts_mlx_compaction_v5/row_rng_length_compact_recurrent_b8_t08_quality64_attempt1_retry/groups/retry_VIVOSSPK08_000_dd18bf74cd2e/wavs/vivos_train_VIVOSSPK08_R108.wav,2.16,CHIỀU VỀ,EVENING RETURNS,To have a link written,2.5,0.9197717308998108,asr_wer,1,accepted,4dfcc74a3a87ae675922cc97d772fbe57cb9d77a05ee933031809dd3fbce9185
vivos:train:VIVOSSPK08_R128,/Volumes/data/datasets/hibiki_vi_v2/tts/vivos_qwen3_tts_mlx_compaction_v5/row_rng_length_compact_recurrent_b8_t08_quality64_attempt1_retry/groups/retry_VIVOSSPK08_000_dd18bf74cd2e/wavs/vivos_train_VIVOSSPK08_R128.wav,4.16,EM BỊ NGƯA NGỨA HAY MÌNH ĐI KHÁM,"You're feeling itchy, should we go get you checked out?",Thó phú phúc thó you're feeling itchy. Should we go get you checked out?,0.4,0.8561661243438721,,1,accepted,9e96f00d0d6de5fe9b3fe986b44e6c5e27eaeb0cc2058f0108e10fe4c0dc53f8
vivos:train:VIVOSSPK08_R141,/Volumes/data/datasets/hibiki_vi_v2/tts/vivos_qwen3_tts_mlx_compaction_v5/row_rng_length_compact_recurrent_b8_t08_quality64_attempt0/groups/VIVOSSPK08_000_a7cca61a2a34/wavs/vivos_train_VIVOSSPK08_R141.wav,2.4,THÌ ĐÂY SẼ LÀ MỘT CƠ HỘI THỬ NGHIỆM,Then this will be an opportunity to test.,"Thổ thên, this will be an opportunity to test",0.25,0.8949248790740967,,0,accepted,1ca7256260ccdc3584b395dfdf96b5acc92ace2273f32c4fd59d6ee042279c0d
vivos:train:VIVOSSPK08_R200,/Volumes/data/datasets/hibiki_vi_v2/tts/vivos_qwen3_tts_mlx_compaction_v5/row_rng_length_compact_recurrent_b8_t08_quality64_attempt0/groups/VIVOSSPK08_000_a7cca61a2a34/wavs/vivos_train_VIVOSSPK08_R200.wav,2.32,GÓI QUÀ CẨN THẬN,WRAP GIFTS CAREFULLY,Hold wrap gift carefully.,0.6666666666666666,0.8505818843841553,asr_wer,0,accepted,a102d4224bdca5523cd8a2f28fd034200cd3218cb3b0d098cb215c3e549dfe46
vivos:train:VIVOSSPK08_T010,/Volumes/data/datasets/hibiki_vi_v2/tts/vivos_qwen3_tts_mlx_compaction_v5/row_rng_length_compact_recurrent_b8_t08_quality64_attempt0/groups/VIVOSSPK08_000_a7cca61a2a34/wavs/vivos_train_VIVOSSPK08_T010.wav,2.8,NHỚ GIAO HÀNG ĐÚNG HẸN NHA,"Remember to deliver on time, okay?",Remember to deliver on time.,0.16666666666666666,0.8618915677070618,,0,accepted,0b98e87a942fef39d879a52b3c7f5d729fbf3d8ad69c214731b89d7b0cebb231
vivos:train:VIVOSSPK13_020,/Volumes/data/datasets/hibiki_vi_v2/tts/vivos_qwen3_tts_mlx_compaction_v5/row_rng_length_compact_recurrent_b8_t08_quality64_attempt0/groups/VIVOSSPK13_000_9edf66292657/wavs/vivos_train_VIVOSSPK13_020.wav,5.6,NHÀ THƠ ĐI TRƯỚC PHỤC TÀI NHÀ THƠ ĐÀN EM LÀ ĐIỀU HIẾM,It is rare for a senior poet to admire the talent of a junior poet,It's rare for a senior poet to admire the talent of a junior poet.,0.13333333333333333,0.9126814007759094,,0,accepted,6432844268e8011d5042156f0a7d2c44c2c6c6a9fbb4fdeb8db7b4637f61bad4
vivos:train:VIVOSSPK13_124,/Volumes/data/datasets/hibiki_vi_v2/tts/vivos_qwen3_tts_mlx_compaction_v5/row_rng_length_compact_recurrent_b8_t08_quality64_attempt0/groups/VIVOSSPK13_000_9edf66292657/wavs/vivos_train_VIVOSSPK13_124.wav,4.8,ÔNG CŨNG ĐẶT MỤC TIÊU XÓA NGHÈO TRONG VÒNG SÁU NĂM TỚI,He also set a goal to eradicate poverty within the next six years.,He also set a goal to eradicate poverty within the next six years.,0.0,0.9526190757751465,,0,accepted,f6afa62b847bb81a8f90779ddc96dc8ecf96fda084fc7dada231eb9a10fda2f1
vivos:train:VIVOSSPK13_135,/Volumes/data/datasets/hibiki_vi_v2/tts/vivos_qwen3_tts_mlx_compaction_v5/row_rng_length_compact_recurrent_b8_t08_quality64_attempt0/groups/VIVOSSPK13_000_9edf66292657/wavs/vivos_train_VIVOSSPK13_135.wav,2.48,THƠ NỊNH VỢ,POEM FLATTERING MY WIFE,Poem flattering my wife.,0.0,0.9368057250976562,,0,accepted,4a1baf2cf8302f88473a3495134913c10aae0e72259064209ed4007cff396682
vivos:train:VIVOSSPK13_146,/Volumes/data/datasets/hibiki_vi_v2/tts/vivos_qwen3_tts_mlx_compaction_v5/row_rng_length_compact_recurrent_b8_t08_quality64_attempt0/groups/VIVOSSPK13_000_9edf66292657/wavs/vivos_train_VIVOSSPK13_146.wav,8.24,BÈN DỰNG CHUYỆN VỀ VỚI ĐẠI CÔNG VỀ ÂM MƯU PHẢN NGHỊCH CỦA BỌN LỢI HƯU,So they fabricated a story to report back to the Grand Duke about the treacherous conspiracy of Loi Huu's group.,So they fabricated a story to report back to the Grand Duke about the treacherous conspiracy of Lloyd Hoo's group.,0.1,0.9090579748153687,,0,accepted,1e22962b825693f823045239e4c6e4e52911e99c9ff5b06c33c0c1453ef51551
vivos:train:VIVOSSPK13_156,/Volumes/data/datasets/hibiki_vi_v2/tts/vivos_qwen3_tts_mlx_compaction_v5/row_rng_length_compact_recurrent_b8_t08_quality64_attempt0/groups/VIVOSSPK13_000_9edf66292657/wavs/vivos_train_VIVOSSPK13_156.wav,2.4,VÀ BỎ CHẠY VỚI SỰ GIÚP ĐỠ CỦA MỘT TÒNG PHẠM,AND FLED WITH THE HELP OF AN ACCOMPLICE,fled with the help of an accomplice.,0.125,0.9259828329086304,,0,accepted,a9f6de9dbbd407c919f325b5de1bc076df1ee59cf62992a29a20f8a71877d12a
vivos:train:VIVOSSPK13_172,/Volumes/data/datasets/hibiki_vi_v2/tts/vivos_qwen3_tts_mlx_compaction_v5/row_rng_length_compact_recurrent_b8_t08_quality64_attempt0/groups/VIVOSSPK13_000_9edf66292657/wavs/vivos_train_VIVOSSPK13_172.wav,1.28,CHÀO MỪNG,WELCOME,Welcome.,0.0,0.41676586866378784,"silence_ratio,speaker_cosine",rejected,rejected,8f3647c096eb10a15890f20807d063f2a827b28bc0986803eecf0a2603e81a49
vivos:train:VIVOSSPK13_200,/Volumes/data/datasets/hibiki_vi_v2/tts/vivos_qwen3_tts_mlx_compaction_v5/row_rng_length_compact_recurrent_b8_t08_quality64_attempt0/groups/VIVOSSPK13_000_9edf66292657/wavs/vivos_train_VIVOSSPK13_200.wav,3.84,CÁCH LÝ SƠN CHỪNG DĂM CHỤC HẢI LÝ VỀ PHƯƠNG BẮC,About fifty nautical miles north of Ly Son,About 50 nautical miles north of Lixon.,0.375,0.9562042355537415,,0,accepted,3a58b8c2b383efef49292fbf06da210022e3c5ae846f5d3fff4e6d395666f01d
vivos:train:VIVOSSPK13_275,/Volumes/data/datasets/hibiki_vi_v2/tts/vivos_qwen3_tts_mlx_compaction_v5/row_rng_length_compact_recurrent_b8_t08_quality64_attempt1_retry/groups/retry_VIVOSSPK13_000_a7e11c3253ee/wavs/vivos_train_VIVOSSPK13_275.wav,2.16,TIỀN NÀO CỦA NẤY ÔNG ANH ƠI,"You get what you pay for, brother.","Get what you pay for, brother?",0.14285714285714285,0.8802332282066345,,1,accepted,02cb32719a5226a88a834734e67e9744b6262a889dc2b09ffc430d5790d39058
vivos:train:VIVOSSPK22_003,/Volumes/data/datasets/hibiki_vi_v2/tts/vivos_qwen3_tts_mlx_compaction_v5/row_rng_length_compact_recurrent_b8_t08_quality64_attempt0/groups/VIVOSSPK22_000_8fd14fb4c7e0/wavs/vivos_train_VIVOSSPK22_003.wav,5.12,BỌN NHÓC TRONG XÓM ĐẶT CHO CHÚNG TÔI BIỆT DANH BỘ BA SO LE,THE KIDS IN THE NEIGHBORHOOD GAVE US THE NICKNAME THE STAGGERED TRIO.,Hiện thực Ticket in the NetBohub gave us the nickname The Stagger Trio,0.4166666666666667,0.9459047913551331,,0,accepted,532bc8a1c9143c2dbf8b37b3092d8d88a3ef32badc808e8f48515f856bd5450e
vivos:train:VIVOSSPK22_062,/Volumes/data/datasets/hibiki_vi_v2/tts/vivos_qwen3_tts_mlx_compaction_v5/row_rng_length_compact_recurrent_b8_t08_quality64_attempt0/groups/VIVOSSPK22_000_8fd14fb4c7e0/wavs/vivos_train_VIVOSSPK22_062.wav,4.08,LƯỢNG MÁU ĐẾN NÃO BỘ CỦA NHỮNG NGƯỜI CAO HUYẾT ÁP,Blood flow to the brain of people with high blood pressure,Hiện thực blood flow to the brain of people with high blood pressure.,0.18181818181818182,0.9687920808792114,,0,accepted,f7534adc2f71486c9389423869432d6da58b8cf2b8f2b123ea577a2fc54ec794
vivos:train:VIVOSSPK22_066,/Volumes/data/datasets/hibiki_vi_v2/tts/vivos_qwen3_tts_mlx_compaction_v5/row_rng_length_compact_recurrent_b8_t08_quality64_attempt0/groups/VIVOSSPK22_000_8fd14fb4c7e0/wavs/vivos_train_VIVOSSPK22_066.wav,2.88,NHƯNG VỀ TỚI NHÀ THÌ IM THIN THÍT,"But when getting home, completely silent.",Hược bắt when getting home completely silent.,0.3333333333333333,0.8838708400726318,,0,accepted,40520fcfae3df8865a589dafedf30bad2906e5d92772de053e6cc9e4a4e3c2e9
vivos:train:VIVOSSPK22_092,/Volumes/data/datasets/hibiki_vi_v2/tts/vivos_qwen3_tts_mlx_compaction_v5/row_rng_length_compact_recurrent_b8_t08_quality64_attempt0/groups/VIVOSSPK22_000_8fd14fb4c7e0/wavs/vivos_train_VIVOSSPK22_092.wav,1.04,PHỐC ÔM PHỐC LÊN,Phoc hugs Phoc.,Her focus,1.0,0.7800197005271912,"silence_ratio,asr_wer,speaker_cosine",rejected,rejected,6d7b62424ae26c496cadcee8c739d88c608102678a2c5d73e833e7214c9bc3b6
vivos:train:VIVOSSPK22_131,/Volumes/data/datasets/hibiki_vi_v2/tts/vivos_qwen3_tts_mlx_compaction_v5/row_rng_length_compact_recurrent_b8_t08_quality64_attempt1_retry/groups/retry_VIVOSSPK22_000_8eccfe2a0e0d/wavs/vivos_train_VIVOSSPK22_131.wav,2.72,LÀ CHỈ DẪN TỐT NHẤT CHO NGƯỜI TIÊU DÙNG,IS THE BEST GUIDE FOR CONSUMERS,Hình thực is the best price for consumers.,0.5,0.9556015133857727,,1,accepted,befd322e4b9a26ac6244a8e1dd07261e626ac4e06f61cc055e28f186c3a1c2bb
vivos:train:VIVOSSPK22_173,/Volumes/data/datasets/hibiki_vi_v2/tts/vivos_qwen3_tts_mlx_compaction_v5/row_rng_length_compact_recurrent_b8_t08_quality64_attempt0/groups/VIVOSSPK22_000_8fd14fb4c7e0/wavs/vivos_train_VIVOSSPK22_173.wav,6.24,ANH ĐANG CƯA SẮT THÌ MÂM CƯA BỊ VỠ CHÉM VÀO MẮT PHẢI,He was sawing iron when the saw disc shattered and struck his right eye.,Hiển thực chê was sawing iron when the saw disc shattered and struck his right eye.,0.21428571428571427,0.9242846369743347,,0,accepted,b8a3a36df655ffd6ef87e219a79352ca2bf898e9013d16ed86894941b1197c77
vivos:train:VIVOSSPK22_179,/Volumes/data/datasets/hibiki_vi_v2/tts/vivos_qwen3_tts_mlx_compaction_v5/row_rng_length_compact_recurrent_b8_t08_quality64_attempt0/groups/VIVOSSPK22_000_8fd14fb4c7e0/wavs/vivos_train_VIVOSSPK22_179.wav,4.88,CHUYỆN THÂN PHẬN DÂN THƯƠNG HỒ NGHE BUỒN BUỒN,The story of the fate of the river traders sounds a bit sad.,Hiện thực the story of the fate of the river traders sounds a bit sad.,0.15384615384615385,0.9139758944511414,,0,accepted,d3bf2624873711efbac45abc6dd9eb9905beb9bece92267ec66c2dbdcbdda6c9
vivos:train:VIVOSSPK22_292,/Volumes/data/datasets/hibiki_vi_v2/tts/vivos_qwen3_tts_mlx_compaction_v5/row_rng_length_compact_recurrent_b8_t08_quality64_attempt0/groups/VIVOSSPK22_000_8fd14fb4c7e0/wavs/vivos_train_VIVOSSPK22_292.wav,1.6,TẬP TRUNG VÔ ĐI,Focus!,Hiện thực Focus,2.0,0.9043071269989014,"silence_ratio,asr_wer",rejected,rejected,8b586cb655b23f5f3d0b4bb1e80b86546ee2a786e64ff19a628535a4032be3f8
vivos:train:VIVOSSPK27_033,/Volumes/data/datasets/hibiki_vi_v2/tts/vivos_qwen3_tts_mlx_compaction_v5/row_rng_length_compact_recurrent_b8_t08_quality64_attempt0/groups/VIVOSSPK27_000_66d60254cdbc/wavs/vivos_train_VIVOSSPK27_033.wav,4.48,CHÁU THẬT SỰ RẤT NGHI VẤN VỀ TƯ CÁCH CỦA ANH ẤY VÀ THẤY LO LẮM,I really doubt his qualifications and am very worried.,Really doubt his qualifications and am very worried.,0.1111111111111111,0.9329696297645569,,0,accepted,99abb0897a643bbe359cc8178e2b2d74ae6d674b60ad5eb8428077e7e4841743
vivos:train:VIVOSSPK27_047,/Volumes/data/datasets/hibiki_vi_v2/tts/vivos_qwen3_tts_mlx_compaction_v5/row_rng_length_compact_recurrent_b8_t08_quality64_attempt0/groups/VIVOSSPK27_000_66d60254cdbc/wavs/vivos_train_VIVOSSPK27_047.wav,7.6,LÝ DO LÀ PHIM CÒN THIẾU ĐỈNH ĐIỂM CAO TRÀO LÀM CHO SAU KHI KẾT THÚC MỖI TÌNH TIẾT NGƯỜI XEM CẢM THẤY HỤT HẪNG VÀ TIẾC,"The reason is that the film lacks a climax, leaving viewers feeling disappointed and regretful after each scene ends.","The reason is that the film lacks a climax, leaving viewers feeling disappointed and regretful after each scene ends.",0.0,0.9556030035018921,,0,accepted,0d5dc39467f1c5f0432afb243020b236d09255f7e56039779d47839417f133d5
vivos:train:VIVOSSPK27_085,/Volumes/data/datasets/hibiki_vi_v2/tts/vivos_qwen3_tts_mlx_compaction_v5/row_rng_length_compact_recurrent_b8_t08_quality64_attempt0/groups/VIVOSSPK27_000_66d60254cdbc/wavs/vivos_train_VIVOSSPK27_085.wav,6.32,LUẬT BẢN QUYỀN TÁC GIẢ CỦA CÁI BẦU LÀ ÔNG CÒN SẢN XUẤT HAY KHÔNG LÀ QUYỀN CỦA BÀ,"The copyright belongs to the manager, but whether to continue production or not is her right.",The copyright belongs to the manager but whether to continue production or not is her right.,0.0,0.9602346420288086,,0,accepted,09cfcbeaf5da274d29e6b925bb3c6991a5bc2edd3012441e5707c058ed0c3cca
vivos:train:VIVOSSPK27_105,/Volumes/data/datasets/hibiki_vi_v2/tts/vivos_qwen3_tts_mlx_compaction_v5/row_rng_length_compact_recurrent_b8_t08_quality64_attempt0/groups/VIVOSSPK27_000_66d60254cdbc/wavs/vivos_train_VIVOSSPK27_105.wav,9.92,BỮA ĂN NÊN ĐA SẮC MÀU VỚI NHIỀU LOẠI RAU BỞI RAU THUỘC HÀNH MỘC TRONG KHI BÉO NGỌT THUỘC HÀNH THỔ,Meals should be colorful with a variety of vegetables because vegetables belong to the Wood element while sweet and fatty foods belong to the Earth element.,Meals should be colorful with a variety of vegetables because vegetables belong to the wood element while sweet and fatty foods belong to the earth element.,0.0,0.903518557548523,,0,accepted,baa03b52e90bb14b945bfbf8b68456b5054c3028442ef3d9a5bd4e6b35df534c
vivos:train:VIVOSSPK27_121,/Volumes/data/datasets/hibiki_vi_v2/tts/vivos_qwen3_tts_mlx_compaction_v5/row_rng_length_compact_recurrent_b8_t08_quality64_attempt0/groups/VIVOSSPK27_000_66d60254cdbc/wavs/vivos_train_VIVOSSPK27_121.wav,8.56,NGÀY ĐẦU TIÊN QUAY CẢNH SINH HOẠT ĐỜI THẬT TẠI MỘT GIA ĐÌNH CÁCH NƠI ĐOÀN Ở VÀI CHỤC CÂY SỐ ĐƯỜNG LÀNG,"THE FIRST DAY OF FILMING DAILY LIFE SCENES AT A LOCAL FAMILY'S HOME, A FEW DOZEN KILOMETERS OF VILLAGE ROADS AWAY FROM WHERE THE CREW WAS STAYING","The first day of filming Daily Life scene at a local family's home, a few dozen kilometers of village road away from where the crew was staying.",0.07407407407407407,0.9421660900115967,,0,accepted,15ab6f9d8d1e889de039188b63c9c0c9e52c67030bd903381b9f91eaf613c4b9
vivos:train:VIVOSSPK27_129,/Volumes/data/datasets/hibiki_vi_v2/tts/vivos_qwen3_tts_mlx_compaction_v5/row_rng_length_compact_recurrent_b8_t08_quality64_attempt0/groups/VIVOSSPK27_000_66d60254cdbc/wavs/vivos_train_VIVOSSPK27_129.wav,5.28,MÀ NHƯ THẾ KHÔNG NHỜ DÒNG VỐN VÀO BÙ ĐẮP THÂM HỤT THƯƠNG MẠI THÌ NHỜ CÁI GÌ,"And if it isn't thanks to capital inflows offsetting the trade deficit, then what is it thanks to?","If it isn't thanks to capital inflows offsetting the trade deficit, then what is it thanks to",0.05555555555555555,0.9264788627624512,,0,accepted,e185cfc23d84a795411d4c84939d0e781d7c1acf13326800e70277ba3771fccc
vivos:train:VIVOSSPK27_186,/Volumes/data/datasets/hibiki_vi_v2/tts/vivos_qwen3_tts_mlx_compaction_v5/row_rng_length_compact_recurrent_b8_t08_quality64_attempt0/groups/VIVOSSPK27_000_66d60254cdbc/wavs/vivos_train_VIVOSSPK27_186.wav,8.0,THEO HỌ KẾ HOẠCH NÀY ĐỤNG CHẠM ĐẾN QUYỀN TƯ HỮU VÀ CÓ NGUY CƠ BIẾN THÀNH PHONG TRÀO CHIẾM DỤNG ĐẤT ĐAI,"ACCORDING TO THEM, THIS PLAN INFRIENGES UPON PRIVATE PROPERTY RIGHTS AND RISKS TURNING INTO A LAND SQUATTING MOVEMENT.","and according to them, this plan infringes upon private property rights and risks turning into a land squatting movement.",0.1111111111111111,0.9711837768554688,,0,accepted,eda275e6cebaf15bbc2fff5c8e66288f9a94ce792700eac7bbe1c01ae0f27d7f
vivos:train:VIVOSSPK27_207,/Volumes/data/datasets/hibiki_vi_v2/tts/vivos_qwen3_tts_mlx_compaction_v5/row_rng_length_compact_recurrent_b8_t08_quality64_attempt0/groups/VIVOSSPK27_000_66d60254cdbc/wavs/vivos_train_VIVOSSPK27_207.wav,4.72,KHI TÔI NHẮC LẠI NHỮNG CA TỪ TRÊN ÔNG NHẠC SĨ GIÀ MÓM MÉM CƯỜI,"WHEN I REPEATED THOSE LYRICS, THE TOOTHLESS OLD MUSICIAN SMILED","When I repeated those lyrics, the toothless old musician smiled.",0.0,0.9416406750679016,,0,accepted,e38f5217443fee5a09ebdfefcca170f8beb5e65060fcc5db53388c7dfb435b5c
vivos:train:VIVOSSPK31_003,/Volumes/data/datasets/hibiki_vi_v2/tts/vivos_qwen3_tts_mlx_compaction_v5/row_rng_length_compact_recurrent_b8_t08_quality64_attempt0/groups/VIVOSSPK31_000_ac701ad5aba6/wavs/vivos_train_VIVOSSPK31_003.wav,10.56,ĐỘNG THÁI NÀY CHỨNG TỎ SÁCH GIÁO KHOA HIỆN HÀNH VỪA BIÊN SOẠN CHƯA RÁO MỰC ĐÃ BỘC LỘ QUÁ NHIỀU VẤN ĐỀ YẾU KÉM CẦN CHỈNH LÝ ĐỔI MỚI,"THIS MOVE PROVES THAT THE CURRENT TEXTBOOKS, WHOSE INK HAS BARELY DRIED SINCE COMPILATION, HAVE ALREADY REVEALED TOO MANY SHORTCOMINGS AND ISSUES THAT NEED TO BE REVISED AND INNOVATED.","More props at the current textbooks, Hose Inc. has barely dried since compilation, have already revealed too many shortcomings and issues that need to be revised and innovated.",0.20689655172413793,0.9380451440811157,,0,accepted,22506888687fa14b280616548251560b57441457ce8b30bb78be5a961622e406
vivos:train:VIVOSSPK31_005,/Volumes/data/datasets/hibiki_vi_v2/tts/vivos_qwen3_tts_mlx_compaction_v5/row_rng_length_compact_recurrent_b8_t08_quality64_attempt0/groups/VIVOSSPK31_000_ac701ad5aba6/wavs/vivos_train_VIVOSSPK31_005.wav,5.68,CÒN NHÀ NƯỚC MUỐN SỬ DỤNG ĐẤT ĐÓ VÀO VIỆC GÌ THÌ NHÀ NƯỚC CỨ LÀM,"As for whatever purpose the State wants to use that land for, the State can just go ahead and do it.","For whatever purpose the state wants to use that land for, the state can just go ahead and do it.",0.047619047619047616,0.9396383762359619,,0,accepted,af51a0dd6ccd2f38c8e28767d7b2fe35ec2f6ac748f87c94a0a087317c616870
vivos:train:VIVOSSPK31_023,/Volumes/data/datasets/hibiki_vi_v2/tts/vivos_qwen3_tts_mlx_compaction_v5/row_rng_length_compact_recurrent_b8_t08_quality64_attempt0/groups/VIVOSSPK31_000_ac701ad5aba6/wavs/vivos_train_VIVOSSPK31_023.wav,5.84,ĐẶT TRONG MẶT BẰNG CHUNG VỞ DIỄN NGHIÊM TÚC CÓ NGHỀ CHO NÊN CÓ THỂ NÓI NGAY ĐƯỢC,"Placed in the general context, it is a serious, skillful play, so it can be said right away","Plays in the general context, it is a serious skillful play, so it can be said right away.",0.05555555555555555,0.9488481283187866,,0,accepted,16ea9d6f9b8ec75c33383177a36b04e8d39a4d84e2e97414436e80b0e8c33ffb
vivos:train:VIVOSSPK31_028,/Volumes/data/datasets/hibiki_vi_v2/tts/vivos_qwen3_tts_mlx_compaction_v5/row_rng_length_compact_recurrent_b8_t08_quality64_attempt0/groups/VIVOSSPK31_000_ac701ad5aba6/wavs/vivos_train_VIVOSSPK31_028.wav,6.88,CHƯA TỪNG ĐƯỢC ĐÀO TẠO QUA MỘT TRƯỜNG LỚP NGHỆ THUẬT TẠO HÌNH NÀO ĐINH NGỌC ĐẠT PHẢI TÌM ĐỌC RẤT NHIỀU SÁCH ĐỂ TỰ BỔ TÚC CHO MÌNH,"Having never received any formal training at a visual arts school, Dinh Ngoc Dat had to read a lot of books to teach himself.","Having never received any formal training at a visual arts school, Đinh Ngọc Dad had to read a lot of books to teach himself.",0.125,0.9262603521347046,,0,accepted,e4ed02e1a9db7b6ae81d14732f23f45ad37caa462c83f8fe6fc82dd05665225f
vivos:train:VIVOSSPK31_116,/Volumes/data/datasets/hibiki_vi_v2/tts/vivos_qwen3_tts_mlx_compaction_v5/row_rng_length_compact_recurrent_b8_t08_quality64_attempt0/groups/VIVOSSPK31_000_ac701ad5aba6/wavs/vivos_train_VIVOSSPK31_116.wav,10.0,NGƯỜI BỊ RỐI LOẠN TIỀN ĐÌNH THƯỜNG THẤY MỆT MỎI ĐI LẠI KHÓ KHĂN KHÔNG MUỐN THAM GIA VÀO CÁC SINH HOẠT THƯỜNG LỆ BỎ CÁC THÚ VUI TIÊU KHIỂN,"People with vestibular disorders often feel fatigued, have difficulty walking, do not want to participate in routine activities, and give up their hobbies.","People with vestibular disorders often feel fatigued, have difficulty walking, do not want to participate in routine activities, and give up their hobbies.",0.0,0.9412999153137207,,0,accepted,88660d0ad1fce213a68e39c7c3fb94d2bc0835bb7d08121907567ab51c1cb7e2
vivos:train:VIVOSSPK31_179,/Volumes/data/datasets/hibiki_vi_v2/tts/vivos_qwen3_tts_mlx_compaction_v5/row_rng_length_compact_recurrent_b8_t08_quality64_attempt0/groups/VIVOSSPK31_000_ac701ad5aba6/wavs/vivos_train_VIVOSSPK31_179.wav,4.16,BỞI HẠNH PHÚC PHẢI ĐI ĐÔI VỚI THÀNH CÔNG THÌ SỰ THÀNH CÔNG ẤY MỚI CÓ Ý NGHĨA,FOR HAPPINESS MUST GO HAND IN HAND WITH SUCCESS FOR THAT SUCCESS TO BE MEANINGFUL,For happiness must go hand in hand with success for that success to be meaningful.,0.0,0.9341785907745361,,0,accepted,0f2df554a0c6adcb535ceea301a4bb3608bcf6586ecf90866aa4df64c57875c7
vivos:train:VIVOSSPK31_246,/Volumes/data/datasets/hibiki_vi_v2/tts/vivos_qwen3_tts_mlx_compaction_v5/row_rng_length_compact_recurrent_b8_t08_quality64_attempt0/groups/VIVOSSPK31_000_ac701ad5aba6/wavs/vivos_train_VIVOSSPK31_246.wav,6.88,MỘT KHI ĐÃ TÍNH TOÁN VỀ VỤ ĐẦU TƯ NÀO ĐÓ HỌ LUÔN SẴN SÀNG CHỜ ĐỢI ĐỂ CHẮC CHẮN RẰNG KẾ HOẠCH ĐÓ SẼ THÀNH SỰ THỰC,"Once they have calculated a certain investment, they are always ready to wait to ensure that the plan will come true.","Once they have calculated a certain investment, they are always ready to wait to ensure that the plan will come true.",0.0,0.9518262147903442,,0,accepted,37de868e1c110b7299a8907ad11cbf6bdd675cf70250c3a6ef72f892082decfd
vivos:train:VIVOSSPK31_269,/Volumes/data/datasets/hibiki_vi_v2/tts/vivos_qwen3_tts_mlx_compaction_v5/row_rng_length_compact_recurrent_b8_t08_quality64_attempt0/groups/VIVOSSPK31_000_ac701ad5aba6/wavs/vivos_train_VIVOSSPK31_269.wav,2.88,MỘT CUỘC HÔN NHÂN BỀN VỮNG SẼ GIÚP CHO CON NGƯỜI CẢM THẤY HẠNH PHÚC HƠN RẤT NHIỀU,A lasting marriage will help people feel much happier.,High-lasting marriage will help people feel much happier.,0.1111111111111111,0.9450958967208862,,0,accepted,5bc034255e31fb9bb42125df8f1fd1049e52f98bb4e55580f1a17c21857a95c3
vivos:train:VIVOSSPK32_039,/Volumes/data/datasets/hibiki_vi_v2/tts/vivos_qwen3_tts_mlx_compaction_v5/row_rng_length_compact_recurrent_b8_t08_quality64_attempt0/groups/VIVOSSPK32_000_7b0215613a7c/wavs/vivos_train_VIVOSSPK32_039.wav,10.4,ĐI LẠI NHƯ CON THOI TRONG VÀ NGOÀI NƯỚC ĐỂ BIẾN NHỮNG ẤP Ủ VỚI QUÊ HƯƠNG THÀNH HIỆN THỰC ÔNG TÍNH CÒN RẤT ÍT THỜI GIAN CHO GIA ĐÌNH,"Shuttling back and forth between home and abroad to turn his aspirations for his homeland into reality, Mr. Tinh has very little time left for his family.",Such lean back and forth between home and abroad to turn his aspirations for his homeland into reality. Mr. Tin has very little time left for his family.,0.1111111111111111,0.9012913703918457,,0,accepted,6f2f6af5c044c57ae201dac63ce239daa150365e5e6f8bc8b62e7349af988c7b
vivos:train:VIVOSSPK32_091,/Volumes/data/datasets/hibiki_vi_v2/tts/vivos_qwen3_tts_mlx_compaction_v5/row_rng_length_compact_recurrent_b8_t08_quality64_attempt0/groups/VIVOSSPK32_000_7b0215613a7c/wavs/vivos_train_VIVOSSPK32_091.wav,7.76,TẤT NHIÊN DU KHÁCH LƯƠNG THIỆN KHÔNG HỀ THÍCH THÚ KHI THẤY QUÁ NHIỀU CẢNH SÁT TRÊN ĐƯỜNG PHỐ TRONG KỲ NGHỈ CỦA HỌ,"Of course, law-abiding tourists are not at all pleased to see too many police officers on the streets during their vacation.","Of course, law-abiding tourists are not at all pleased to see too many police officers on the streets during their vacation.",0.0,0.9396892189979553,,0,accepted,11a6ee005feb3cceb086346f97d64023b6ddf3cf9500d1ec09ba242461f67f01
vivos:train:VIVOSSPK32_096,/Volumes/data/datasets/hibiki_vi_v2/tts/vivos_qwen3_tts_mlx_compaction_v5/row_rng_length_compact_recurrent_b8_t08_quality64_attempt1_retry/groups/retry_VIVOSSPK32_000_15ccfba019f2/wavs/vivos_train_VIVOSSPK32_096.wav,3.2,TẤT CẢ NHỮNG GÌ TÔI CÓ THỂ NÓI LÀ CHÚNG TA SẼ CỐ GẮNG HẾT SỨC,All I can say is that we will try our best.,all I can say is that we will try our best,0.0,0.9130873680114746,,1,accepted,c92e32104d617400909df6c5155f721c540fc08ba2a5d7812f8cd0b12d1607d5
vivos:train:VIVOSSPK32_120,/Volumes/data/datasets/hibiki_vi_v2/tts/vivos_qwen3_tts_mlx_compaction_v5/row_rng_length_compact_recurrent_b8_t08_quality64_attempt0/groups/VIVOSSPK32_000_7b0215613a7c/wavs/vivos_train_VIVOSSPK32_120.wav,11.2,HỌ THIẾT LẬP MỘT BÀN THỜ TỔ QUỐC GIỮA RỪNG LẤY CỦI TRÀM ĐỐT THẾ CHO TRẦM HƯƠNG VÀ MƯỢN MẶT BẤT ĐỂ LÀM ĐỈNH ĐỒNG,"THEY SET UP A FATHERLAND ALTAR IN THE MIDDLE OF THE FOREST, BURNING CAJEPUT WOOD INSTEAD OF INCENSE AND USING AN EARTHEN JAR TO SERVE AS A BRONZE INCENSE BURNER.","Thay set up a fatalane altar in the middle of the forest, burning caceput wood instead of incense and using an arson jar to save as a bronze incense burner.",0.16666666666666666,0.9371306300163269,,0,accepted,81a4f25c93b5e67d969cc24c4fca21f91c05b08efcd4589b9299914d8b78cb5e
vivos:train:VIVOSSPK32_123,/Volumes/data/datasets/hibiki_vi_v2/tts/vivos_qwen3_tts_mlx_compaction_v5/row_rng_length_compact_recurrent_b8_t08_quality64_attempt0/groups/VIVOSSPK32_000_7b0215613a7c/wavs/vivos_train_VIVOSSPK32_123.wav,5.44,ĐÓ KHÔNG PHẢI TÂM LÝ SÍNH NGOẠI MÀ LÀ VĂN HÓA TIÊU DÙNG NGỘ NHẬN,"THAT IS NOT A PREFERENCE FOR FOREIGN GOODS, BUT A CULTURE OF ILLUSORY CONSUMPTION","That is not a preference for foreign goods, but a culture of illusory consumption.",0.0,0.8716564178466797,,0,accepted,11925d705c2a3d6078fafcd51d11d850663a68341533ce60064d13dd482e61a1
vivos:train:VIVOSSPK32_136,/Volumes/data/datasets/hibiki_vi_v2/tts/vivos_qwen3_tts_mlx_compaction_v5/row_rng_length_compact_recurrent_b8_t08_quality64_attempt0/groups/VIVOSSPK32_000_7b0215613a7c/wavs/vivos_train_VIVOSSPK32_136.wav,8.64,ĐI XE ĐẠP RIẾT RỒI TÔI KIÊM LUÔN CẢ THỢ SỬA XE VÁ XE TRONG TÚI LỈNH KỈNH ĐỒ NGHỀ,"Riding a bicycle for so long, I ended up becoming a bike mechanic and repairman myself, carrying a jumble of tools in my bag.","reading a bicycle for so long, I ended up becoming a bike mechanic and repairman myself, carrying a jumbo of tools in my bag.",0.08333333333333333,0.9171741008758545,,0,accepted,1cbbd5db88c1b67fa70d191a251954fc62e2b0e45a791a581e043b8cb1151362
vivos:train:VIVOSSPK32_154,/Volumes/data/datasets/hibiki_vi_v2/tts/vivos_qwen3_tts_mlx_compaction_v5/row_rng_length_compact_recurrent_b8_t08_quality64_attempt0/groups/VIVOSSPK32_000_7b0215613a7c/wavs/vivos_train_VIVOSSPK32_154.wav,5.92,THẬM CHÍ CHÚNG TÔI PHẢI ĐỔ DẦU CHO CÁC CHỦ ĐẦU TƯ CHẠY THỬ ĐỂ CÓ ĐIỆN,We even had to provide fuel for the investors to conduct test runs in order to get electricity.,We even had to provide fuel for the investors to conduct test runs in order to get electricity.,0.0,0.9025636911392212,,0,accepted,4865c74cf6b1dacc6be81aa012cc614fc62f80cc38088d60dd27d97e8f3e8de7
vivos:train:VIVOSSPK32_197,/Volumes/data/datasets/hibiki_vi_v2/tts/vivos_qwen3_tts_mlx_compaction_v5/row_rng_length_compact_recurrent_b8_t08_quality64_attempt0/groups/VIVOSSPK32_000_7b0215613a7c/wavs/vivos_train_VIVOSSPK32_197.wav,4.32,PHẦN LỚN TRONG SỐ HỌ ÍT VẬN ĐỘNG NHƯNG LẠI MUỐN CÓ MỘT VÓC DÁNG NHƯ Ý,"Most of them are inactive, yet they want to have a desired physique.","Most of them are inactive, yet they want to have a desired physique.",0.0,0.8975218534469604,,0,accepted,ec4da56629c4bfdc01e639ff569d5d91c3f54b25135f15c8f47a11ff0aba0a25
vivos:train:VIVOSSPK41_048,/Volumes/data/datasets/hibiki_vi_v2/tts/vivos_qwen3_tts_mlx_compaction_v5/row_rng_length_compact_recurrent_b8_t08_quality64_attempt0/groups/VIVOSSPK41_000_0df3426dbd1d/wavs/vivos_train_VIVOSSPK41_048.wav,2.88,ĐIỆN NGUỒN CUNG CẤP CHO LƯỚI ĐIỆN QUỐC GIA TỤT GIẢM,Power supply to the national grid declines,Power supply to the national grid declines,0.0,0.958493709564209,,0,accepted,1c019997ad481b026983dc7cc5eb7463d3ef6b8777ec62aadaf5f3aac6030933
vivos:train:VIVOSSPK41_054,/Volumes/data/datasets/hibiki_vi_v2/tts/vivos_qwen3_tts_mlx_compaction_v5/row_rng_length_compact_recurrent_b8_t08_quality64_attempt0/groups/VIVOSSPK41_000_0df3426dbd1d/wavs/vivos_train_VIVOSSPK41_054.wav,7.04,ĐẾN LÚC XONG RỒI MỚI VỠ LỞ RA THẤY LÀM ĐIỀU TỐT QUẢ KHÔNG DỄ,Only when it was all over did it come to light that doing a good deed is truly not easy.,"Look, only when it was all over did it come to light that doing a good deed is truly not easy.",0.05,0.9463897943496704,duration_ratio,rejected,rejected,b11a9e7308c674aab777af4d6a7a0ce9a5876b86c15099b8d1ea793424c5f4cc
vivos:train:VIVOSSPK41_128,/Volumes/data/datasets/hibiki_vi_v2/tts/vivos_qwen3_tts_mlx_compaction_v5/row_rng_length_compact_recurrent_b8_t08_quality64_attempt0/groups/VIVOSSPK41_000_0df3426dbd1d/wavs/vivos_train_VIVOSSPK41_128.wav,4.4,VÌ THẾ VIỆC TUYÊN TRUYỀN HIỂU BIẾT VỀ NGUỒN PHÓNG XẠ RẤT QUAN TRỌNG,"Therefore, spreading awareness about radiation sources is very important.","Therefore, spreading awareness about radiation sources is very important.",0.0,0.9563502669334412,,0,accepted,2763873d8bc3a842c1363b01d98c3436c48cdb2cad47758c983a681c7a10cfd0
vivos:train:VIVOSSPK41_138,/Volumes/data/datasets/hibiki_vi_v2/tts/vivos_qwen3_tts_mlx_compaction_v5/row_rng_length_compact_recurrent_b8_t08_quality64_attempt0/groups/VIVOSSPK41_000_0df3426dbd1d/wavs/vivos_train_VIVOSSPK41_138.wav,6.8,KHỞI CÔNG CẦU NHẬT TÂN CẦU DÂY VĂNG LỚN NHẤT VIỆT NAM,"GROUNDBREAKING CEREMONY FOR NHAT TAN BRIDGE, THE LARGEST CABLE-STAYED BRIDGE IN VIETNAM","Lucrum breaking ceremony for head-temperature, the largest cable-state bridge in Vietnam.",0.46153846153846156,0.9590135216712952,duration_ratio,rejected,rejected,346bca31316d540f902d61d81958a3667c24de1a45c4e789cfd81a7ca1dd979d
vivos:train:VIVOSSPK41_169,/Volumes/data/datasets/hibiki_vi_v2/tts/vivos_qwen3_tts_mlx_compaction_v5/row_rng_length_compact_recurrent_b8_t08_quality64_attempt0/groups/VIVOSSPK41_000_0df3426dbd1d/wavs/vivos_train_VIVOSSPK41_169.wav,3.44,TÔI CHỌN THỜI ĐIỂM GHI LẠI NHỮNG KHOẢNH KHẮC ĐÓ ANH NÓI,"""I chose the time to capture those moments,"" he said.","It's just the time to capture those moments, he said.",0.2,0.9459381103515625,,0,accepted,21004bb5370c82342771081d9a9b82b92791693d18b3ba07728e3144a9d8bd11
vivos:train:VIVOSSPK41_195,/Volumes/data/datasets/hibiki_vi_v2/tts/vivos_qwen3_tts_mlx_compaction_v5/row_rng_length_compact_recurrent_b8_t08_quality64_attempt0/groups/VIVOSSPK41_000_0df3426dbd1d/wavs/vivos_train_VIVOSSPK41_195.wav,4.16,RA MẮT BAN CHỈ ĐẠO QUỐC GIA BẢO VỆ ĐỘNG VẬT HOANG DÃ,LAUNCH OF THE NATIONAL STEERING COMMITTEE FOR WILDLIFE PROTECTION,Le Clum of the National Steering Committee for Wildlife Protection,0.2222222222222222,0.9412388801574707,,0,accepted,491f3149fea9f751570937edb2f466db28f78d05b42431b4fafbcc33b11a09ad
vivos:train:VIVOSSPK41_223,/Volumes/data/datasets/hibiki_vi_v2/tts/vivos_qwen3_tts_mlx_compaction_v5/row_rng_length_compact_recurrent_b8_t08_quality64_attempt0/groups/VIVOSSPK41_000_0df3426dbd1d/wavs/vivos_train_VIVOSSPK41_223.wav,4.88,ĐẶT CHO BẢN THÂN HÀNG LOẠT CÂU HỎI ĐIỀU GÌ TÔI ĐAM MÊ NHẤT,Ask yourself a series of questions: What am I most passionate about?,Ask yourself a series of questions. What am I most passionate about?,0.0,0.9492769241333008,,0,accepted,26fccb0ea0bd8a7e01d54572b3555de6f5e7ffa75cb2037cad31cc92db9316f4
vivos:train:VIVOSSPK41_232,/Volumes/data/datasets/hibiki_vi_v2/tts/vivos_qwen3_tts_mlx_compaction_v5/row_rng_length_compact_recurrent_b8_t08_quality64_attempt0/groups/VIVOSSPK41_000_0df3426dbd1d/wavs/vivos_train_VIVOSSPK41_232.wav,4.96,NGHIÊM CẤM GIỮ LẠI KHOẢN HOA HỒNG ĐỂ SỬ DỤNG SAI MỤC ĐÍCH,STRICTLY PROHIBITED FROM RETAINING COMMISSION PAYMENTS FOR IMPROPER USE,Look strictly prohibited from retaining commission payments for improper use.,0.1111111111111111,0.9547591209411621,,0,accepted,05b4f7ab5f6c191abb561c2c183de2ff8f9a52875db8bcbc621a363689c74960
vivos:train:VIVOSSPK43_029,/Volumes/data/datasets/hibiki_vi_v2/tts/vivos_qwen3_tts_mlx_compaction_v5/row_rng_length_compact_recurrent_b8_t08_quality64_attempt0/groups/VIVOSSPK43_000_b95a33bfa0e1/wavs/vivos_train_VIVOSSPK43_029.wav,5.6,NGƯỜI NÀY TIẾP TỤC HÀNG LẬU VỀ TRONG ĐÓ NHIỀU LẮM ÔNG XUỐNG NGAY ĐI,"This person continues to bring in a lot of contraband, you should come down right away.",This person continues to bring in a lot of contraband. You should come down right away.,0.0,0.900793731212616,,0,accepted,2389df2daf8a219d4b4fefb65851798175dd1b3c5ecc7f6b75cdb4bf0dc42d5a
vivos:train:VIVOSSPK43_105,/Volumes/data/datasets/hibiki_vi_v2/tts/vivos_qwen3_tts_mlx_compaction_v5/row_rng_length_compact_recurrent_b8_t08_quality64_attempt0/groups/VIVOSSPK43_000_b95a33bfa0e1/wavs/vivos_train_VIVOSSPK43_105.wav,5.12,NHỮNG NGÀY NẠN NHÂN NẰM VIỆN TÔI ĐÂU DÁM CHO CON TÔI ĐẾN THĂM,"During the days the victim was in the hospital, I didn't dare let my child visit.","During the days the victim was in the hospital, I didn't dare let my child visit.",0.0,0.9536916017532349,,0,accepted,272fb7423f7ef463e7ab2455d7ba06a8d555d78304c95a9a43729268d9c25912
vivos:train:VIVOSSPK43_144,/Volumes/data/datasets/hibiki_vi_v2/tts/vivos_qwen3_tts_mlx_compaction_v5/row_rng_length_compact_recurrent_b8_t08_quality64_attempt0/groups/VIVOSSPK43_000_b95a33bfa0e1/wavs/vivos_train_VIVOSSPK43_144.wav,2.24,ANH KHÔNG THỂ QUÊN ĐƯỢC NHỮNG GIÂY PHÚT NGỌT NGÀO ẤY,I cannot forget those sweet moments.,Cannot forget those sweet moments.,0.16666666666666666,0.869502067565918,,0,accepted,cf17bf641adaa4e592ceb9ba64b47abe4822908172e90ca8c020d55ceb86b066
vivos:train:VIVOSSPK43_158,/Volumes/data/datasets/hibiki_vi_v2/tts/vivos_qwen3_tts_mlx_compaction_v5/row_rng_length_compact_recurrent_b8_t08_quality64_attempt0/groups/VIVOSSPK43_000_b95a33bfa0e1/wavs/vivos_train_VIVOSSPK43_158.wav,4.24,CON LẠI TỰ HỎI PHẢI CHĂNG CÓ MỘT NGHỀ NHƯ NGHỀ CỦA BỐ,I wondered to myself if there was a job like my father's.,Wonder to myself if there was a job like my father's.,0.16666666666666666,0.9445551633834839,,0,accepted,9fe8f4a9383c69cc4189e47a32258630f3c078bcca5bcc1345cc73fe819ec42c
vivos:train:VIVOSSPK43_177,/Volumes/data/datasets/hibiki_vi_v2/tts/vivos_qwen3_tts_mlx_compaction_v5/row_rng_length_compact_recurrent_b8_t08_quality64_attempt0/groups/VIVOSSPK43_000_b95a33bfa0e1/wavs/vivos_train_VIVOSSPK43_177.wav,5.12,ĐẾN CÁC XÓM MỒ CÔI MỚI THẤY NGƯỜI TA PHÁ RỪNG MỘT CÁCH BẠO LIỆT,ONLY BY VISITING THE ORPHAN VILLAGES CAN ONE SEE HOW FIERCELY PEOPLE ARE DESTROYING THE FORESTS,Only by visiting the orphan village can one see how fiercely people are destroying the forest.,0.125,0.9327198266983032,,0,accepted,dc83053d47b101c312c7954cfe11de4dafa324436a7cf2d59c45c4a9c981b5ff
vivos:train:VIVOSSPK43_185,/Volumes/data/datasets/hibiki_vi_v2/tts/vivos_qwen3_tts_mlx_compaction_v5/row_rng_length_compact_recurrent_b8_t08_quality64_attempt0/groups/VIVOSSPK43_000_b95a33bfa0e1/wavs/vivos_train_VIVOSSPK43_185.wav,2.56,VÀ AI MÀ NGHĨ LÀ CON BÉ CÓ THỂ LÀM THẾ,And who would have thought that the girl could do that?,And who would have thought that the girl could do that?,0.0,0.9579448699951172,,0,accepted,951cebe187d025466ba9a5f774b84c8ec80a5072427794d4901390d1f128f068
vivos:train:VIVOSSPK43_215,/Volumes/data/datasets/hibiki_vi_v2/tts/vivos_qwen3_tts_mlx_compaction_v5/row_rng_length_compact_recurrent_b8_t08_quality64_attempt1_retry/groups/retry_VIVOSSPK43_000_a6ddfffa3f79/wavs/vivos_train_VIVOSSPK43_215.wav,3.92,TỪ KHI TRỒNG ĐẾN LÚC THU HOẠCH ÔNG CHĂM SÓC BÌNH THƯỜNG,"From planting to harvesting, he took care of it as usual.","From blending to harvesting, he took care of it as usual.",0.09090909090909091,0.8980923891067505,,1,accepted,21269c370130f94f50ed95b127f2623da8b35e37cea597267ccc80c758f28dfd
vivos:train:VIVOSSPK43_251,/Volumes/data/datasets/hibiki_vi_v2/tts/vivos_qwen3_tts_mlx_compaction_v5/row_rng_length_compact_recurrent_b8_t08_quality64_attempt0/groups/VIVOSSPK43_000_b95a33bfa0e1/wavs/vivos_train_VIVOSSPK43_251.wav,3.28,MÁ LÀ MÁ CỦA CON NGƯỜI MÁ THẬT NGHÈO NHƯNG GIÀU LÒNG YÊU THƯƠNG,"Mom is your mother, mom is really poor, but rich in love.","Mom is your mother, mom is really poor but rich in love.",0.0,0.9256192445755005,,0,accepted,fa8f234ac833c2138b9576beae385018cf7020747b8f92363c21ca124b6b046f
