sample,variant,audio_file,duration_s,transcript_vi,reference_en,asr_output_en,asr_wer,speaker_cosine,failure_reasons,audio_sha256
vivos:train:VIVOSSPK04_R014,scalar,/Volumes/data/datasets/hibiki_vi_v2/tts/vivos_qwen3_tts_mlx_v3_full_v1/wavs/train/VIVOSSPK04/vivos_train_VIVOSSPK04_R014.attempt0.wav,1.12,HÃY TỈNH DẬY,WAKE UP,I wake up,0.5,0.7017859220504761,"silence_ratio,speaker_cosine",fc417e053f5c21b87a1fa77021b745aee2f84d39f0b585a530f60dd009f7acfd
vivos:train:VIVOSSPK04_R014,batch8,/Volumes/data/datasets/hibiki_vi_v2/tts/vivos_qwen3_tts_mlx_batch_v2r1_benchmark_2026-08-04/batch_size_8/batches/b08_VIVOSSPK04_000_683b7caecc17/wavs/vivos_train_VIVOSSPK04_R014.wav,0.72,HÃY TỈNH DẬY,WAKE UP,They wake up.,0.5,0.5960891842842102,"duration_ratio,speaker_cosine",203eae5b3d63e00754e549b5cb479359662bcefa6d2f7915975da4d96322e4d0
vivos:train:VIVOSSPK04_R014,batch16,/Volumes/data/datasets/hibiki_vi_v2/tts/vivos_qwen3_tts_mlx_batch_v2r1_benchmark_2026-08-04/batch_size_16/batches/b16_VIVOSSPK04_000_208af33ad9ac/wavs/vivos_train_VIVOSSPK04_R014.wav,0.72,HÃY TỈNH DẬY,WAKE UP,I way up,1.0,0.8866279125213623,"duration_ratio,asr_wer",73928c3ac84831873c01373d817228227ae3dee7a600532189d4d066261a1c81
vivos:train:VIVOSSPK04_R147,scalar,/Volumes/data/datasets/hibiki_vi_v2/tts/vivos_qwen3_tts_mlx_v3_full_v1/wavs/train/VIVOSSPK04/vivos_train_VIVOSSPK04_R147.attempt0.wav,1.04,HỮU NGHĨA,Huu Nghia,Thank you.,1.0,0.8349707126617432,"asr_wer,speaker_cosine",290415fd88acb0edc97ae507706738943a1c1eb46530958d0a285d1b212fdf00
vivos:train:VIVOSSPK04_R147,batch8,/Volumes/data/datasets/hibiki_vi_v2/tts/vivos_qwen3_tts_mlx_batch_v2r1_benchmark_2026-08-04/batch_size_8/batches/b08_VIVOSSPK04_000_683b7caecc17/wavs/vivos_train_VIVOSSPK04_R147.wav,0.88,HỮU NGHĨA,Huu Nghia,Thu nghĩa.,1.0,0.7909393310546875,"asr_wer,speaker_cosine",f724c82f3acf15e6fa7227bca535e7438a9fb7b57832b1f85e067c6504ce7c74
vivos:train:VIVOSSPK04_R147,batch16,/Volumes/data/datasets/hibiki_vi_v2/tts/vivos_qwen3_tts_mlx_batch_v2r1_benchmark_2026-08-04/batch_size_16/batches/b16_VIVOSSPK04_000_208af33ad9ac/wavs/vivos_train_VIVOSSPK04_R147.wav,0.48,HỮU NGHĨA,Huu Nghia,Thu nghĩa.,1.0,0.7831847071647644,"duration_ratio,asr_wer,speaker_cosine",dfb2852858dd9567c3b837301a40b9a13e293c6b44befba4f0cdf5ba0e000088
vivos:train:VIVOSSPK04_R059,scalar,/Volumes/data/datasets/hibiki_vi_v2/tts/vivos_qwen3_tts_mlx_v3_full_v1/wavs/train/VIVOSSPK04/vivos_train_VIVOSSPK04_R059.attempt0.wav,1.68,DÂY ĐIỆN DÚM DÓ,CRIMPED WIRES,Thai crimp bud wires,1.5,0.9461913108825684,asr_wer,28c6bcde3a5c20a84fa69257ec069dc0dd51af39241271a414a79cfe8a707bab
vivos:train:VIVOSSPK04_R059,batch8,/Volumes/data/datasets/hibiki_vi_v2/tts/vivos_qwen3_tts_mlx_batch_v2r1_benchmark_2026-08-04/batch_size_8/batches/b08_VIVOSSPK04_000_683b7caecc17/wavs/vivos_train_VIVOSSPK04_R059.wav,1.52,DÂY ĐIỆN DÚM DÓ,CRIMPED WIRES,The Grimpad was,1.5,0.9012768268585205,asr_wer,84f8e86364808445b82dee7fcb996d1b574816884eda0dd0796cfd8cfe7820be
vivos:train:VIVOSSPK04_R059,batch16,/Volumes/data/datasets/hibiki_vi_v2/tts/vivos_qwen3_tts_mlx_batch_v2r1_benchmark_2026-08-04/batch_size_16/batches/b16_VIVOSSPK04_000_208af33ad9ac/wavs/vivos_train_VIVOSSPK04_R059.wav,1.12,DÂY ĐIỆN DÚM DÓ,CRIMPED WIRES,"Take Grimp, the wheels.",2.0,0.8423763513565063,"asr_wer,speaker_cosine",8fc5622f5026e2860eee187f059c785a771b4e7abd816369f82904cf65f9d01e
vivos:train:VIVOSSPK04_R098,scalar,/Volumes/data/datasets/hibiki_vi_v2/tts/vivos_qwen3_tts_mlx_v3_full_v1/wavs/train/VIVOSSPK04/vivos_train_VIVOSSPK04_R098.attempt0.wav,0.88,NHỰA CAO SU RƠN RỚT,Dripping latex.,Tuyết pin latex.,1.0,0.8184204697608948,"duration_ratio,asr_wer,speaker_cosine",039e639f92ff1b97b0fdf68c0272143f286fcc216f218f0bf43a92f0903bdf81
vivos:train:VIVOSSPK04_R098,batch8,/Volumes/data/datasets/hibiki_vi_v2/tts/vivos_qwen3_tts_mlx_batch_v2r1_benchmark_2026-08-04/batch_size_8/batches/b08_VIVOSSPK04_000_683b7caecc17/wavs/vivos_train_VIVOSSPK04_R098.wav,0.96,NHỰA CAO SU RƠN RỚT,Dripping latex.,Tipping Latex.,0.5,0.8302197456359863,speaker_cosine,2c75589c2e72467691bd2e2425f18f18e8c5ae55ffa1be262c2db3a67a66beae
vivos:train:VIVOSSPK04_R098,batch16,/Volumes/data/datasets/hibiki_vi_v2/tts/vivos_qwen3_tts_mlx_batch_v2r1_benchmark_2026-08-04/batch_size_16/batches/b16_VIVOSSPK04_000_208af33ad9ac/wavs/vivos_train_VIVOSSPK04_R098.wav,1.2,NHỰA CAO SU RƠN RỚT,Dripping latex.,Tí pin latex.,1.0,0.9042569994926453,asr_wer,ed0d711a1bfa797a6b8c209d73a863d2da28cdfd9fad426470ac3969fbacb8ad
vivos:train:VIVOSSPK04_R161,scalar,/Volumes/data/datasets/hibiki_vi_v2/tts/vivos_qwen3_tts_mlx_v3_full_v1/wavs/train/VIVOSSPK04/vivos_train_VIVOSSPK04_R161.attempt0.wav,2.08,RẤT KHÓ CHỊU,VERY UNCOMFORTABLE,They're very uncomfortable.,0.5,0.8772420883178711,,2a6c00ed48240f29e00df9fba0294488f1d8cbc66a8f1084d8c828419196a642
vivos:train:VIVOSSPK04_R161,batch8,/Volumes/data/datasets/hibiki_vi_v2/tts/vivos_qwen3_tts_mlx_batch_v2r1_benchmark_2026-08-04/batch_size_8/batches/b08_VIVOSSPK04_000_683b7caecc17/wavs/vivos_train_VIVOSSPK04_R161.wav,1.6,RẤT KHÓ CHỊU,VERY UNCOMFORTABLE,They very uncomfortable.,0.5,0.9225422143936157,,bde63720027748741764e0a3c1a44305636ce0488c5ac7dd5d7a19ff57711cb8
vivos:train:VIVOSSPK04_R161,batch16,/Volumes/data/datasets/hibiki_vi_v2/tts/vivos_qwen3_tts_mlx_batch_v2r1_benchmark_2026-08-04/batch_size_16/batches/b16_VIVOSSPK04_000_208af33ad9ac/wavs/vivos_train_VIVOSSPK04_R161.wav,2.56,RẤT KHÓ CHỊU,VERY UNCOMFORTABLE,Thighbury uncomfortable.,0.5,0.9019713997840881,,a141045bdebaeeb4b7a3fee76f01776cf3a0df04eea43c7dae108282e158c1df
vivos:train:VIVOSSPK04_R101,scalar,/Volumes/data/datasets/hibiki_vi_v2/tts/vivos_qwen3_tts_mlx_v3_full_v1/wavs/train/VIVOSSPK04/vivos_train_VIVOSSPK04_R101.attempt0.wav,1.28,QUAN TRỌNG HƠN NHIỀU,Much more important,They much more important.,0.3333333333333333,0.8375983834266663,speaker_cosine,93f6174040a03044e336254a36f533c4a7fb790f1f2d814b450a16d353464bf0
vivos:train:VIVOSSPK04_R101,batch8,/Volumes/data/datasets/hibiki_vi_v2/tts/vivos_qwen3_tts_mlx_batch_v2r1_benchmark_2026-08-04/batch_size_8/batches/b08_VIVOSSPK04_000_683b7caecc17/wavs/vivos_train_VIVOSSPK04_R101.wav,1.76,QUAN TRỌNG HƠN NHIỀU,Much more important,thay mức more important.,0.6666666666666666,0.9505468606948853,asr_wer,860ef0d8c88bcd9ab3101e01b9b9542ba7f6dfcaac0c65f51a2d456e370a1eda
vivos:train:VIVOSSPK04_R101,batch16,/Volumes/data/datasets/hibiki_vi_v2/tts/vivos_qwen3_tts_mlx_batch_v2r1_benchmark_2026-08-04/batch_size_16/batches/b16_VIVOSSPK04_000_208af33ad9ac/wavs/vivos_train_VIVOSSPK04_R101.wav,1.84,QUAN TRỌNG HƠN NHIỀU,Much more important,Time is more important.,0.6666666666666666,0.9232344031333923,asr_wer,6f773cae5dea08a5ab9f67736ca64c342794f50708d9b3628037672a8be3215c
vivos:train:VIVOSSPK04_R121,scalar,/Volumes/data/datasets/hibiki_vi_v2/tts/vivos_qwen3_tts_mlx_v3_full_v1/wavs/train/VIVOSSPK04/vivos_train_VIVOSSPK04_R121.attempt0.wav,1.76,VẪN CÒN ĐANG NGHIÊN CỨU,STILL UNDER RESEARCH,They still under research.,0.3333333333333333,0.9316875338554382,,30639c1de8adf0a99ce196df153bc189d7a3b894dc96a7f96200c13ed783dd0d
vivos:train:VIVOSSPK04_R121,batch8,/Volumes/data/datasets/hibiki_vi_v2/tts/vivos_qwen3_tts_mlx_batch_v2r1_benchmark_2026-08-04/batch_size_8/batches/b08_VIVOSSPK04_000_683b7caecc17/wavs/vivos_train_VIVOSSPK04_R121.wav,1.76,VẪN CÒN ĐANG NGHIÊN CỨU,STILL UNDER RESEARCH,Take still under Research.,0.3333333333333333,0.871202826499939,,03412a11c1e33cee83b619f17686445e259da98671c41e7e2ae2af4a1d3e6464
vivos:train:VIVOSSPK04_R121,batch16,/Volumes/data/datasets/hibiki_vi_v2/tts/vivos_qwen3_tts_mlx_batch_v2r1_benchmark_2026-08-04/batch_size_16/batches/b16_VIVOSSPK04_000_208af33ad9ac/wavs/vivos_train_VIVOSSPK04_R121.wav,1.52,VẪN CÒN ĐANG NGHIÊN CỨU,STILL UNDER RESEARCH,They still under research.,0.3333333333333333,0.8947569131851196,,f53132f41dc0df785c646235bf265a1b9628bdda4e5f37f08d6c3d88693c9c7e
vivos:train:VIVOSSPK04_R066,scalar,/Volumes/data/datasets/hibiki_vi_v2/tts/vivos_qwen3_tts_mlx_v3_full_v1/wavs/train/VIVOSSPK04/vivos_train_VIVOSSPK04_R066.attempt0.wav,1.76,RẠO RỰC LỜI CA XUÂN,EAGER SONGS OF SPRING,The year song of spring,0.75,0.9281654357910156,asr_wer,3426574aa23716f46114390c870db63d06520d273484a6590f294fa954466040
vivos:train:VIVOSSPK04_R066,batch8,/Volumes/data/datasets/hibiki_vi_v2/tts/vivos_qwen3_tts_mlx_batch_v2r1_benchmark_2026-08-04/batch_size_8/batches/b08_VIVOSSPK04_000_683b7caecc17/wavs/vivos_train_VIVOSSPK04_R066.wav,2.0,RẠO RỰC LỜI CA XUÂN,EAGER SONGS OF SPRING,Tiger songs of spring,0.25,0.8771869540214539,,af3e5d53b33ff0dc92803710e510b32a85f7e071b9a74161d4e50af093710d51
vivos:train:VIVOSSPK04_R066,batch16,/Volumes/data/datasets/hibiki_vi_v2/tts/vivos_qwen3_tts_mlx_batch_v2r1_benchmark_2026-08-04/batch_size_16/batches/b16_VIVOSSPK04_000_208af33ad9ac/wavs/vivos_train_VIVOSSPK04_R066.wav,2.0,RẠO RỰC LỜI CA XUÂN,EAGER SONGS OF SPRING,The Jaeger Songs of Spring,0.5,0.9640244245529175,,bcad067cd5cdf3f28f7772bc0d91f11c087cb3e3412df7f8ea5759fbb09db3e5
vivos:train:VIVOSSPK04_T031,scalar,/Volumes/data/datasets/hibiki_vi_v2/tts/vivos_qwen3_tts_mlx_v3_full_v1/wavs/train/VIVOSSPK04/vivos_train_VIVOSSPK04_T031.attempt0.wav,1.84,THIÊN TRƯỜNG ĐỊA CỬU,Eternal and Unchanging,It's a no-an-un-chang-jin.,2.3333333333333335,0.8341279625892639,"asr_wer,speaker_cosine",600b772d18ae404b41b18e3d852c1ee914c4be0cb7b57ddb2325d38db2c42404
vivos:train:VIVOSSPK04_T031,batch8,/Volumes/data/datasets/hibiki_vi_v2/tts/vivos_qwen3_tts_mlx_batch_v2r1_benchmark_2026-08-04/batch_size_8/batches/b08_VIVOSSPK04_001_0efbd7381143/wavs/vivos_train_VIVOSSPK04_T031.wav,2.4,THIÊN TRƯỜNG ĐỊA CỬU,Eternal and Unchanging,Take the now and I'm changing.,1.6666666666666667,0.8995434045791626,asr_wer,e1bab941550ab9f70956e68497f12d50b532024ba8866deafab7e077f0fae47a
vivos:train:VIVOSSPK04_T031,batch16,/Volumes/data/datasets/hibiki_vi_v2/tts/vivos_qwen3_tts_mlx_batch_v2r1_benchmark_2026-08-04/batch_size_16/batches/b16_VIVOSSPK04_000_208af33ad9ac/wavs/vivos_train_VIVOSSPK04_T031.wav,2.08,THIÊN TRƯỜNG ĐỊA CỬU,Eternal and Unchanging,Titanol and Uncannying.,0.6666666666666666,0.8469361066818237,"asr_wer,speaker_cosine",99a717176112af2a6f4c2a632015da0134f981fde2dc935d7e11577af194a242
vivos:train:VIVOSSPK04_R002,scalar,/Volumes/data/datasets/hibiki_vi_v2/tts/vivos_qwen3_tts_mlx_v3_full_v1/wavs/train/VIVOSSPK04/vivos_train_VIVOSSPK04_R002.attempt0.wav,2.64,CHỈ RIÊNG MÙA HÈ MỚI CÓ,ONLY AVAILABLE IN SUMMER,They only available in summer.,0.25,0.9309545755386353,,b589b478d6f9c7538b55870b550381dd8ee8e322562d00bcce54fc67a96b7381
vivos:train:VIVOSSPK04_R002,batch8,/Volumes/data/datasets/hibiki_vi_v2/tts/vivos_qwen3_tts_mlx_batch_v2r1_benchmark_2026-08-04/batch_size_8/batches/b08_VIVOSSPK04_001_0efbd7381143/wavs/vivos_train_VIVOSSPK04_R002.wav,2.88,CHỈ RIÊNG MÙA HÈ MỚI CÓ,ONLY AVAILABLE IN SUMMER,Tull only available in summer.,0.25,0.8854342699050903,,fd99246a08a9c917c5091b0380081552cfce38f64d263fba2e2e7fc4d71cb346
vivos:train:VIVOSSPK04_R002,batch16,/Volumes/data/datasets/hibiki_vi_v2/tts/vivos_qwen3_tts_mlx_batch_v2r1_benchmark_2026-08-04/batch_size_16/batches/b16_VIVOSSPK04_000_208af33ad9ac/wavs/vivos_train_VIVOSSPK04_R002.wav,2.32,CHỈ RIÊNG MÙA HÈ MỚI CÓ,ONLY AVAILABLE IN SUMMER,They only available in summer.,0.25,0.9188341498374939,,dad6e8a0bc20e544727ee08cb75398e8ee3370cfd9da4aed3242fbece3496866
vivos:train:VIVOSSPK04_T030,scalar,/Volumes/data/datasets/hibiki_vi_v2/tts/vivos_qwen3_tts_mlx_v3_full_v1/wavs/train/VIVOSSPK04/vivos_train_VIVOSSPK04_T030.attempt0.wav,2.48,BẬY NÀO NÓI VỚI NĂNG,"Nonsense, talk properly.","Tine on Sense, Talk Properly.",1.0,0.8737622499465942,"silence_ratio,asr_wer",00a2756370e4df122db82015da89f566b49c48a4bd4e7ce3649ebccbce5508a8
vivos:train:VIVOSSPK04_T030,batch8,/Volumes/data/datasets/hibiki_vi_v2/tts/vivos_qwen3_tts_mlx_batch_v2r1_benchmark_2026-08-04/batch_size_8/batches/b08_VIVOSSPK04_001_0efbd7381143/wavs/vivos_train_VIVOSSPK04_T030.wav,2.88,BẬY NÀO NÓI VỚI NĂNG,"Nonsense, talk properly.",Don't nonsense talk properly.,0.3333333333333333,0.8945010900497437,silence_ratio,e8b3d7cbdf862220492d41a73b7d639bc4cf7875e120e7e51d8cf815760f142e
vivos:train:VIVOSSPK04_T030,batch16,/Volumes/data/datasets/hibiki_vi_v2/tts/vivos_qwen3_tts_mlx_batch_v2r1_benchmark_2026-08-04/batch_size_16/batches/b16_VIVOSSPK04_000_208af33ad9ac/wavs/vivos_train_VIVOSSPK04_T030.wav,2.72,BẬY NÀO NÓI VỚI NĂNG,"Nonsense, talk properly.",Long tay nồng sáng stock properly.,1.6666666666666667,0.8961215615272522,asr_wer,ad721c443e5296c298874de1352847688a6c93caf4b3d3e9ed93f98c05ad8da0
vivos:train:VIVOSSPK04_R165,scalar,/Volumes/data/datasets/hibiki_vi_v2/tts/vivos_qwen3_tts_mlx_v3_full_v1/wavs/train/VIVOSSPK04/vivos_train_VIVOSSPK04_R165.attempt0.wav,2.08,HỌ ĐANG CHẾT NHƯ RUỒI NHẶNG,They are dying like flies.,They are dying like flies.,0.0,0.7835313081741333,speaker_cosine,4e2f84bb9791edf27972969c743e96a098344ad1765d70fe56504295f4cb3330
vivos:train:VIVOSSPK04_R165,batch8,/Volumes/data/datasets/hibiki_vi_v2/tts/vivos_qwen3_tts_mlx_batch_v2r1_benchmark_2026-08-04/batch_size_8/batches/b08_VIVOSSPK04_001_0efbd7381143/wavs/vivos_train_VIVOSSPK04_R165.wav,2.0,HỌ ĐANG CHẾT NHƯ RUỒI NHẶNG,They are dying like flies.,They are dying like flies.,0.0,0.9044284820556641,,b1a38ba0a1f399734e135e0824e741ed5f29259f7596276a01c256054ab5827d
vivos:train:VIVOSSPK04_R165,batch16,/Volumes/data/datasets/hibiki_vi_v2/tts/vivos_qwen3_tts_mlx_batch_v2r1_benchmark_2026-08-04/batch_size_16/batches/b16_VIVOSSPK04_000_208af33ad9ac/wavs/vivos_train_VIVOSSPK04_R165.wav,1.84,HỌ ĐANG CHẾT NHƯ RUỒI NHẶNG,They are dying like flies.,They are dying like flies.,0.0,0.9076215624809265,,3e82d83213074fd6331c6b83cfce8f12d7e78ba342d7253b1d0e8b61b668b202
vivos:train:VIVOSSPK04_R168,scalar,/Volumes/data/datasets/hibiki_vi_v2/tts/vivos_qwen3_tts_mlx_v3_full_v1/wavs/train/VIVOSSPK04/vivos_train_VIVOSSPK04_R168.attempt0.wav,1.76,CÁCH ĐƠN GIẢN NHẤT ĐỂ THỰC HIỆN ĐƯỢC ĐIỀU NÀY,THE SIMPLEST WAY TO DO THIS,The simplest way to do this,0.0,0.8583160638809204,,86d0c35b6c36a36ee3c0eb21393ad7037ccc9cd2b3fa5199a5469556f2bceefd
vivos:train:VIVOSSPK04_R168,batch8,/Volumes/data/datasets/hibiki_vi_v2/tts/vivos_qwen3_tts_mlx_batch_v2r1_benchmark_2026-08-04/batch_size_8/batches/b08_VIVOSSPK04_001_0efbd7381143/wavs/vivos_train_VIVOSSPK04_R168.wav,1.76,CÁCH ĐƠN GIẢN NHẤT ĐỂ THỰC HIỆN ĐƯỢC ĐIỀU NÀY,THE SIMPLEST WAY TO DO THIS,The simplest way to do this,0.0,0.9221678972244263,,c45d7ce7c5740bb6ab22f2453e41d2641aea75acdbd1580dcf2d7981ac23a83e
vivos:train:VIVOSSPK04_R168,batch16,/Volumes/data/datasets/hibiki_vi_v2/tts/vivos_qwen3_tts_mlx_batch_v2r1_benchmark_2026-08-04/batch_size_16/batches/b16_VIVOSSPK04_000_208af33ad9ac/wavs/vivos_train_VIVOSSPK04_R168.wav,2.0,CÁCH ĐƠN GIẢN NHẤT ĐỂ THỰC HIỆN ĐƯỢC ĐIỀU NÀY,THE SIMPLEST WAY TO DO THIS,That's the simplest way to do this.,0.16666666666666666,0.8501603603363037,,682d5a13badf691867d0c4b755511f0f2d5578c1c9422a97759b8bbeec76d05c
vivos:train:VIVOSSPK04_R080,scalar,/Volumes/data/datasets/hibiki_vi_v2/tts/vivos_qwen3_tts_mlx_v3_full_v1/wavs/train/VIVOSSPK04/vivos_train_VIVOSSPK04_R080.attempt0.wav,2.4,TỪ TẤT CẢ NHỮNG HỆ THỐNG ĐỨC TIN KHÁC,FROM ALL OTHER BELIEF SYSTEMS,Thay from all other belief systems.,0.2,0.8749942779541016,,087bdd6b8f88cf2d2ac0eb91901272ca6c6ca7a2025e859576721472aeb85ffe
vivos:train:VIVOSSPK04_R080,batch8,/Volumes/data/datasets/hibiki_vi_v2/tts/vivos_qwen3_tts_mlx_batch_v2r1_benchmark_2026-08-04/batch_size_8/batches/b08_VIVOSSPK04_001_0efbd7381143/wavs/vivos_train_VIVOSSPK04_R080.wav,2.72,TỪ TẤT CẢ NHỮNG HỆ THỐNG ĐỨC TIN KHÁC,FROM ALL OTHER BELIEF SYSTEMS,"Thay from all other belief systems,",0.2,0.9291993975639343,,ca02b3c97b5585c28527a1222a2096aee9b49387eb0bc97a239d803ce85d97ed
vivos:train:VIVOSSPK04_R080,batch16,/Volumes/data/datasets/hibiki_vi_v2/tts/vivos_qwen3_tts_mlx_batch_v2r1_benchmark_2026-08-04/batch_size_16/batches/b16_VIVOSSPK04_000_208af33ad9ac/wavs/vivos_train_VIVOSSPK04_R080.wav,2.32,TỪ TẤT CẢ NHỮNG HỆ THỐNG ĐỨC TIN KHÁC,FROM ALL OTHER BELIEF SYSTEMS,Some are other belief systems.,0.4,0.8135278224945068,speaker_cosine,33ef3e39d849be5154a84e9206b08c5e31ec106fb88eafcab6d6c095c8ae8cfe
vivos:train:VIVOSSPK04_R122,scalar,/Volumes/data/datasets/hibiki_vi_v2/tts/vivos_qwen3_tts_mlx_v3_full_v1/wavs/train/VIVOSSPK04/vivos_train_VIVOSSPK04_R122.attempt0.wav,2.08,NÀO LÀ ĐÔI CÁNH ĐANG TUNG BAY,Like wings soaring in the sky,Thay like wind soaring in the sky,0.3333333333333333,0.8812558650970459,,86fcfe50e657d3e285385bdd1f4b9260e3311b67e925fc459c439a63b8148928
vivos:train:VIVOSSPK04_R122,batch8,/Volumes/data/datasets/hibiki_vi_v2/tts/vivos_qwen3_tts_mlx_batch_v2r1_benchmark_2026-08-04/batch_size_8/batches/b08_VIVOSSPK04_001_0efbd7381143/wavs/vivos_train_VIVOSSPK04_R122.wav,2.24,NÀO LÀ ĐÔI CÁNH ĐANG TUNG BAY,Like wings soaring in the sky,They like wind soaring in the sky.,0.3333333333333333,0.9018566608428955,,2d1f869df5ce88a5f3c22246dfa8f06f1a7d0e0347ac0e53a56c65e67abc71d8
vivos:train:VIVOSSPK04_R122,batch16,/Volumes/data/datasets/hibiki_vi_v2/tts/vivos_qwen3_tts_mlx_batch_v2r1_benchmark_2026-08-04/batch_size_16/batches/b16_VIVOSSPK04_000_208af33ad9ac/wavs/vivos_train_VIVOSSPK04_R122.wav,2.64,NÀO LÀ ĐÔI CÁNH ĐANG TUNG BAY,Like wings soaring in the sky,Tây light wind soaring in the sky.,0.5,0.9339858889579773,,289e5f03476c7c168b19636e200ba22f460d242b07fb50729e68ae69479e41d6
vivos:train:VIVOSSPK04_R133,scalar,/Volumes/data/datasets/hibiki_vi_v2/tts/vivos_qwen3_tts_mlx_v3_full_v1/wavs/train/VIVOSSPK04/vivos_train_VIVOSSPK04_R133.attempt0.wav,2.64,NẾU TÔI ĐỌC SÁCH BÁO,IF I READ BOOKS AND NEWSPAPERS,that if I read books and newspapers,0.16666666666666666,0.9126805067062378,,54c62e0af5e2a7e8d09ae29e94c495d3acae1f59048cc5bbd8454cc5df64e2e9
vivos:train:VIVOSSPK04_R133,batch8,/Volumes/data/datasets/hibiki_vi_v2/tts/vivos_qwen3_tts_mlx_batch_v2r1_benchmark_2026-08-04/batch_size_8/batches/b08_VIVOSSPK04_001_0efbd7381143/wavs/vivos_train_VIVOSSPK04_R133.wav,2.88,NẾU TÔI ĐỌC SÁCH BÁO,IF I READ BOOKS AND NEWSPAPERS,Thay if I read books and newspapers.,0.16666666666666666,0.9058938026428223,,64b6e21a9211d3bdf3fe7789ab260ac2ea1be641882bc886258feffe1f5af8c5
vivos:train:VIVOSSPK04_R133,batch16,/Volumes/data/datasets/hibiki_vi_v2/tts/vivos_qwen3_tts_mlx_batch_v2r1_benchmark_2026-08-04/batch_size_16/batches/b16_VIVOSSPK04_000_208af33ad9ac/wavs/vivos_train_VIVOSSPK04_R133.wav,2.88,NẾU TÔI ĐỌC SÁCH BÁO,IF I READ BOOKS AND NEWSPAPERS,"Thay if I read books and newspapers,",0.16666666666666666,0.9071466326713562,,2700f643748d1c4d8596db7cde2657133aedeb0b986211e411c50a1d8f2f3bb0
vivos:train:VIVOSSPK04_R179,scalar,/Volumes/data/datasets/hibiki_vi_v2/tts/vivos_qwen3_tts_mlx_v3_full_v1/wavs/train/VIVOSSPK04/vivos_train_VIVOSSPK04_R179.attempt0.wav,2.16,CÁC CHI NGẮN TRÒN VÀ MŨM MĨM,"SHORT, ROUND, AND CHUBBY LIMBS","Take short, round and chubby limbs",0.2,0.8623634576797485,,bfecf156d9a98372848d712a8298ffa75c5f10a57a011ebf518d043afa8e8945
vivos:train:VIVOSSPK04_R179,batch8,/Volumes/data/datasets/hibiki_vi_v2/tts/vivos_qwen3_tts_mlx_batch_v2r1_benchmark_2026-08-04/batch_size_8/batches/b08_VIVOSSPK04_002_d630d792c379/wavs/vivos_train_VIVOSSPK04_R179.wav,2.16,CÁC CHI NGẮN TRÒN VÀ MŨM MĨM,"SHORT, ROUND, AND CHUBBY LIMBS","tight shot, round and chubby limbs.",0.4,0.8987394571304321,,d222ff434178b0a0635f8369f52e77d55f4d6272ac2348204a7b836f224f7c25
vivos:train:VIVOSSPK04_R179,batch16,/Volumes/data/datasets/hibiki_vi_v2/tts/vivos_qwen3_tts_mlx_batch_v2r1_benchmark_2026-08-04/batch_size_16/batches/b16_VIVOSSPK04_001_8ef1a139d255/wavs/vivos_train_VIVOSSPK04_R179.wav,2.72,CÁC CHI NGẮN TRÒN VÀ MŨM MĨM,"SHORT, ROUND, AND CHUBBY LIMBS","Take short, round and chubby limbs.",0.2,0.8578035831451416,,4cade0b89000745d02572e7de65de28e81aa134ac2c5fae37fa615e08d6cbcfc
vivos:train:VIVOSSPK04_R048,scalar,/Volumes/data/datasets/hibiki_vi_v2/tts/vivos_qwen3_tts_mlx_v3_full_v1/wavs/train/VIVOSSPK04/vivos_train_VIVOSSPK04_R048.attempt0.wav,2.56,THƯỜNG XẢY RA HIỆN TƯỢNG MÓC TÚI,PICKPOCKETING OCCURS FREQUENTLY,Tip-packeting occurs frequently.,0.6666666666666666,0.8669615983963013,asr_wer,422785694415efc65b9576002bdce37b976f123cd0bacad73bc311275b3c9b18
vivos:train:VIVOSSPK04_R048,batch8,/Volumes/data/datasets/hibiki_vi_v2/tts/vivos_qwen3_tts_mlx_batch_v2r1_benchmark_2026-08-04/batch_size_8/batches/b08_VIVOSSPK04_002_d630d792c379/wavs/vivos_train_VIVOSSPK04_R048.wav,2.32,THƯỜNG XẢY RA HIỆN TƯỢNG MÓC TÚI,PICKPOCKETING OCCURS FREQUENTLY,Tickpacketing occurs frequently.,0.3333333333333333,0.8403817415237427,"silence_ratio,speaker_cosine",25807a5ebdd6240b0693c7210e014b771fbf97bca9170235ac9e0e05d6a8b4f8
vivos:train:VIVOSSPK04_R048,batch16,/Volumes/data/datasets/hibiki_vi_v2/tts/vivos_qwen3_tts_mlx_batch_v2r1_benchmark_2026-08-04/batch_size_16/batches/b16_VIVOSSPK04_001_8ef1a139d255/wavs/vivos_train_VIVOSSPK04_R048.wav,2.64,THƯỜNG XẢY RA HIỆN TƯỢNG MÓC TÚI,PICKPOCKETING OCCURS FREQUENTLY,They pickpocketing occurs frequently.,0.3333333333333333,0.8589321374893188,,105d46253f7daea6382edfed377d4f2e2c8e199ec12ef0b0771050f2ca0fff45
vivos:train:VIVOSSPK04_T029,scalar,/Volumes/data/datasets/hibiki_vi_v2/tts/vivos_qwen3_tts_mlx_v3_full_v1/wavs/train/VIVOSSPK04/vivos_train_VIVOSSPK04_T029.attempt0.wav,2.88,NHÌN CHẢ GIỐNG AI CẢ,DOESN'T LOOK LIKE ANYONE AT ALL,Toyos look like anyone at all.,0.16666666666666666,0.8615796566009521,,547a7bf1f4addd7fe0614df43e6b9dbd3e2c9c128969aa0fb3d8a8bebc2ea6b5
vivos:train:VIVOSSPK04_T029,batch8,/Volumes/data/datasets/hibiki_vi_v2/tts/vivos_qwen3_tts_mlx_batch_v2r1_benchmark_2026-08-04/batch_size_8/batches/b08_VIVOSSPK04_002_d630d792c379/wavs/vivos_train_VIVOSSPK04_T029.wav,2.32,NHÌN CHẢ GIỐNG AI CẢ,DOESN'T LOOK LIKE ANYONE AT ALL,To use look like a non at all.,0.6666666666666666,0.8625957369804382,asr_wer,14a8029dc966de1fc300c1df8c643eaba7b5e6b6952ec64ed86b5dd61923c6aa
vivos:train:VIVOSSPK04_T029,batch16,/Volumes/data/datasets/hibiki_vi_v2/tts/vivos_qwen3_tts_mlx_batch_v2r1_benchmark_2026-08-04/batch_size_16/batches/b16_VIVOSSPK04_001_8ef1a139d255/wavs/vivos_train_VIVOSSPK04_T029.wav,2.16,NHÌN CHẢ GIỐNG AI CẢ,DOESN'T LOOK LIKE ANYONE AT ALL,the OS look like any unit or,0.8333333333333334,0.8135091066360474,"asr_wer,speaker_cosine",bae3f2be6bdfd32ac8076bbb274a0cdaeb82db42cb1f25cc33f28bfbeaec8f6a
vivos:train:VIVOSSPK04_R197,scalar,/Volumes/data/datasets/hibiki_vi_v2/tts/vivos_qwen3_tts_mlx_v3_full_v1/wavs/train/VIVOSSPK04/vivos_train_VIVOSSPK04_R197.attempt0.wav,2.24,VÀ GIA ĐÌNH HÀN QUỐC CHO BIẾT,AND THE SOUTH KOREAN FAMILY SAID,They hang the South Korean family side.,0.5,0.864685595035553,,c917d04193e15d5fc0631270bd3ff7f72af5289465d4ee1efd40e05ccf6ba441
vivos:train:VIVOSSPK04_R197,batch8,/Volumes/data/datasets/hibiki_vi_v2/tts/vivos_qwen3_tts_mlx_batch_v2r1_benchmark_2026-08-04/batch_size_8/batches/b08_VIVOSSPK04_002_d630d792c379/wavs/vivos_train_VIVOSSPK04_R197.wav,2.88,VÀ GIA ĐÌNH HÀN QUỐC CHO BIẾT,AND THE SOUTH KOREAN FAMILY SAID,Tây and the South Korean family said,0.16666666666666666,0.9126662015914917,,b082a9135ef6f98ecb44807789afbd487a2fd3b428e5e574ae851cb0b03efd26
vivos:train:VIVOSSPK04_R197,batch16,/Volumes/data/datasets/hibiki_vi_v2/tts/vivos_qwen3_tts_mlx_batch_v2r1_benchmark_2026-08-04/batch_size_16/batches/b16_VIVOSSPK04_001_8ef1a139d255/wavs/vivos_train_VIVOSSPK04_R197.wav,2.72,VÀ GIA ĐÌNH HÀN QUỐC CHO BIẾT,AND THE SOUTH KOREAN FAMILY SAID,"Tây Giang The South Korean Family said,",0.3333333333333333,0.8882015347480774,,0dfa8d79d406f2dbf0f0dc1e02d91116e99b86aee4f66c5682574a25ee1abcdb
vivos:train:VIVOSSPK04_R107,scalar,/Volumes/data/datasets/hibiki_vi_v2/tts/vivos_qwen3_tts_mlx_v3_full_v1/wavs/train/VIVOSSPK04/vivos_train_VIVOSSPK04_R107.attempt0.wav,2.16,ĐƯỢC CÔNG BỐ THÊM TRONG TUẦN TỚI,To be announced further next week,Tebi announced further next week.,0.3333333333333333,0.8837078809738159,,e85b83b0c1ddc030993b515daf911d49964acc4183a0148ad90c54381245f5c9
vivos:train:VIVOSSPK04_R107,batch8,/Volumes/data/datasets/hibiki_vi_v2/tts/vivos_qwen3_tts_mlx_batch_v2r1_benchmark_2026-08-04/batch_size_8/batches/b08_VIVOSSPK04_002_d630d792c379/wavs/vivos_train_VIVOSSPK04_R107.wav,2.24,ĐƯỢC CÔNG BỐ THÊM TRONG TUẦN TỚI,To be announced further next week,TB announced further next week.,0.3333333333333333,0.8550412058830261,,adc94c0bbba59798c4e78218e5d96e085d776eab02253294014b4d4d13e806a7
vivos:train:VIVOSSPK04_R107,batch16,/Volumes/data/datasets/hibiki_vi_v2/tts/vivos_qwen3_tts_mlx_batch_v2r1_benchmark_2026-08-04/batch_size_16/batches/b16_VIVOSSPK04_001_8ef1a139d255/wavs/vivos_train_VIVOSSPK04_R107.wav,2.48,ĐƯỢC CÔNG BỐ THÊM TRONG TUẦN TỚI,To be announced further next week,Taito be announced further next week.,0.16666666666666666,0.8503422737121582,,6172c81d3db1a59d2ab5641d5525b3e2c7d39f6a9c2d1fe1d0e81cc2b9443095
vivos:train:VIVOSSPK04_R011,scalar,/Volumes/data/datasets/hibiki_vi_v2/tts/vivos_qwen3_tts_mlx_v3_full_v1/wavs/train/VIVOSSPK04/vivos_train_VIVOSSPK04_R011.attempt0.wav,2.4,BẠN CŨNG CÓ THỂ NHẬN NHIỆM VỤ TUẦN TIỄU,YOU CAN ALSO TAKE ON PATROL DUTIES,You can also take all patrol duties.,0.14285714285714285,0.9280316829681396,,bd0e73177bb1cb27e94d0ff88e2244844ae01fa46aaed28633f4dd32653b8e0b
vivos:train:VIVOSSPK04_R011,batch8,/Volumes/data/datasets/hibiki_vi_v2/tts/vivos_qwen3_tts_mlx_batch_v2r1_benchmark_2026-08-04/batch_size_8/batches/b08_VIVOSSPK04_002_d630d792c379/wavs/vivos_train_VIVOSSPK04_R011.wav,2.72,BẠN CŨNG CÓ THỂ NHẬN NHIỆM VỤ TUẦN TIỄU,YOU CAN ALSO TAKE ON PATROL DUTIES,You can also take on patrol duties.,0.0,0.8971346616744995,,b70555fd41ac0d910d2edf54eeb32b21c9c463b1976b96d01a97370adc3f27c4
vivos:train:VIVOSSPK04_R011,batch16,/Volumes/data/datasets/hibiki_vi_v2/tts/vivos_qwen3_tts_mlx_batch_v2r1_benchmark_2026-08-04/batch_size_16/batches/b16_VIVOSSPK04_001_8ef1a139d255/wavs/vivos_train_VIVOSSPK04_R011.wav,2.72,BẠN CŨNG CÓ THỂ NHẬN NHIỆM VỤ TUẦN TIỄU,YOU CAN ALSO TAKE ON PATROL DUTIES,To use the take-on patrol duties.,0.42857142857142855,0.9061434864997864,,28ab851de4237379dee7654ba6b9f33509b7597c8be44cc27a90a6cbd43bc64a
vivos:train:VIVOSSPK04_T033,scalar,/Volumes/data/datasets/hibiki_vi_v2/tts/vivos_qwen3_tts_mlx_v3_full_v1/wavs/train/VIVOSSPK04/vivos_train_VIVOSSPK04_T033.attempt0.wav,2.0,CÓ NHIỀU CÁCH ĐỂ DÀN XẾP MÀ,There are many ways to settle this.,There are many ways to settle this.,0.0,0.8279703855514526,speaker_cosine,ba257e238b1008a8388879fc4311f991dc8e8b017bc6b86776b081c4c63f4654
vivos:train:VIVOSSPK04_T033,batch8,/Volumes/data/datasets/hibiki_vi_v2/tts/vivos_qwen3_tts_mlx_batch_v2r1_benchmark_2026-08-04/batch_size_8/batches/b08_VIVOSSPK04_002_d630d792c379/wavs/vivos_train_VIVOSSPK04_T033.wav,2.24,CÓ NHIỀU CÁCH ĐỂ DÀN XẾP MÀ,There are many ways to settle this.,There are many ways to settle this.,0.0,0.8862988948822021,,4c7f72dabbfb2c8279e7d24b1c2f8b46f825b6b1c3f0517dabb4f96547a0db2a
vivos:train:VIVOSSPK04_T033,batch16,/Volumes/data/datasets/hibiki_vi_v2/tts/vivos_qwen3_tts_mlx_batch_v2r1_benchmark_2026-08-04/batch_size_16/batches/b16_VIVOSSPK04_001_8ef1a139d255/wavs/vivos_train_VIVOSSPK04_T033.wav,2.24,CÓ NHIỀU CÁCH ĐỂ DÀN XẾP MÀ,There are many ways to settle this.,There are many ways to settle this.,0.0,0.8839157223701477,,6c5153679a0779608dcf29cfae283e60f310b451ef973fc3e823de84fdaf964b
vivos:train:VIVOSSPK04_R077,scalar,/Volumes/data/datasets/hibiki_vi_v2/tts/vivos_qwen3_tts_mlx_v3_full_v1/wavs/train/VIVOSSPK04/vivos_train_VIVOSSPK04_R077.attempt0.wav,2.96,ĐÂY LÀ THỜI ĐIỂM BẠN CẦN TRÂN TRỌNG,This is the time you need to cherish.,This is the time you need to cherish.,0.0,0.8507041931152344,,82a22e220f99f6d95da7c665c87885817040638ed062e870d3b4c366ac6c716c
vivos:train:VIVOSSPK04_R077,batch8,/Volumes/data/datasets/hibiki_vi_v2/tts/vivos_qwen3_tts_mlx_batch_v2r1_benchmark_2026-08-04/batch_size_8/batches/b08_VIVOSSPK04_002_d630d792c379/wavs/vivos_train_VIVOSSPK04_R077.wav,2.32,ĐÂY LÀ THỜI ĐIỂM BẠN CẦN TRÂN TRỌNG,This is the time you need to cherish.,This is the time you need to cherish.,0.0,0.8431268930435181,speaker_cosine,159ec0f40dfcfe2885c3bb5f5a7cd09b25e1407c04e62a0060c4e014aae8e615
vivos:train:VIVOSSPK04_R077,batch16,/Volumes/data/datasets/hibiki_vi_v2/tts/vivos_qwen3_tts_mlx_batch_v2r1_benchmark_2026-08-04/batch_size_16/batches/b16_VIVOSSPK04_001_8ef1a139d255/wavs/vivos_train_VIVOSSPK04_R077.wav,2.56,ĐÂY LÀ THỜI ĐIỂM BẠN CẦN TRÂN TRỌNG,This is the time you need to cherish.,T is the time you need to cherish.,0.125,0.8555616736412048,,145a2444dfb1b8da345800297a495ce3b53f41456b7d64cff3172a6d69b4508d
vivos:train:VIVOSSPK04_R150,scalar,/Volumes/data/datasets/hibiki_vi_v2/tts/vivos_qwen3_tts_mlx_v3_full_v1/wavs/train/VIVOSSPK04/vivos_train_VIVOSSPK04_R150.attempt0.wav,3.6,HÒN ĐÁ THIÊNG TREO DƯỚI SỢI CHỈ,THE SACRED ROCK HANGING FROM A THREAD,Thay the sacred rock hanging from a frown.,0.2857142857142857,0.9505932331085205,silence_ratio,d757ebd61eca2b214aae57a8f87e5cab9ed5f0197e69e5b2a681233a60918586
vivos:train:VIVOSSPK04_R150,batch8,/Volumes/data/datasets/hibiki_vi_v2/tts/vivos_qwen3_tts_mlx_batch_v2r1_benchmark_2026-08-04/batch_size_8/batches/b08_VIVOSSPK04_003_20f5b37f318b/wavs/vivos_train_VIVOSSPK04_R150.wav,2.72,HÒN ĐÁ THIÊNG TREO DƯỚI SỢI CHỈ,THE SACRED ROCK HANGING FROM A THREAD,They sacred rock hanging from a theater.,0.2857142857142857,0.8887605667114258,,ba79cf5d35a272f77d84a6581826801b3864ece389ba385b4d168610a7f132ff
vivos:train:VIVOSSPK04_R150,batch16,/Volumes/data/datasets/hibiki_vi_v2/tts/vivos_qwen3_tts_mlx_batch_v2r1_benchmark_2026-08-04/batch_size_16/batches/b16_VIVOSSPK04_001_8ef1a139d255/wavs/vivos_train_VIVOSSPK04_R150.wav,2.64,HÒN ĐÁ THIÊNG TREO DƯỚI SỢI CHỈ,THE SACRED ROCK HANGING FROM A THREAD,The sacred rock hanging from a fear.,0.14285714285714285,0.923753559589386,,333a431ea5b4bac3c03b9de5e80625d1d846a7d7871f39313394604c2b62fe5a
vivos:train:VIVOSSPK04_R199,scalar,/Volumes/data/datasets/hibiki_vi_v2/tts/vivos_qwen3_tts_mlx_v3_full_v1/wavs/train/VIVOSSPK04/vivos_train_VIVOSSPK04_R199.attempt0.wav,3.2,ĐÃ ĐẾN LÚC CẦN TRẢ LẠI ĐÚNG NGHĨA,IT'S TIME TO RESTORE THE TRUE MEANING,Take its time to restore the true meaning.,0.2857142857142857,0.8602473735809326,,a668bc75709f5ccd5b9f9d3ccf25bb24fdb6b5b9c110e8c19b5e02e825962857
vivos:train:VIVOSSPK04_R199,batch8,/Volumes/data/datasets/hibiki_vi_v2/tts/vivos_qwen3_tts_mlx_batch_v2r1_benchmark_2026-08-04/batch_size_8/batches/b08_VIVOSSPK04_003_20f5b37f318b/wavs/vivos_train_VIVOSSPK04_R199.wav,2.64,ĐÃ ĐẾN LÚC CẦN TRẢ LẠI ĐÚNG NGHĨA,IT'S TIME TO RESTORE THE TRUE MEANING,Take it time to restore the true meaning.,0.2857142857142857,0.826259434223175,speaker_cosine,e510a5ff3bebd0dae29e197b4e508c48cf3ed75b1bc69445cb0a7ed9e30cd262
vivos:train:VIVOSSPK04_R199,batch16,/Volumes/data/datasets/hibiki_vi_v2/tts/vivos_qwen3_tts_mlx_batch_v2r1_benchmark_2026-08-04/batch_size_16/batches/b16_VIVOSSPK04_001_8ef1a139d255/wavs/vivos_train_VIVOSSPK04_R199.wav,2.56,ĐÃ ĐẾN LÚC CẦN TRẢ LẠI ĐÚNG NGHĨA,IT'S TIME TO RESTORE THE TRUE MEANING,This time to restore the true meaning,0.14285714285714285,0.8841590881347656,,d071b636a390c40c0bb3384b87448d7c7a4c2dc17668575d4da33a6e8fcf6a1e
vivos:train:VIVOSSPK04_R154,scalar,/Volumes/data/datasets/hibiki_vi_v2/tts/vivos_qwen3_tts_mlx_v3_full_v1/wavs/train/VIVOSSPK04/vivos_train_VIVOSSPK04_R154.attempt0.wav,2.16,VÌ O TRÒN NHƯ QUẢ TRỨNG GÀ,Because O is round like a chicken egg.,"Because O is round like a chicken egg,",0.0,0.8898786306381226,,dd97fa0688bb3dc2c2aaaefe25ce0dc178c97b9f03a99a95451df7e02660ffb5
vivos:train:VIVOSSPK04_R154,batch8,/Volumes/data/datasets/hibiki_vi_v2/tts/vivos_qwen3_tts_mlx_batch_v2r1_benchmark_2026-08-04/batch_size_8/batches/b08_VIVOSSPK04_003_20f5b37f318b/wavs/vivos_train_VIVOSSPK04_R154.wav,2.48,VÌ O TRÒN NHƯ QUẢ TRỨNG GÀ,Because O is round like a chicken egg.,"Because O is round like a chicken egg,",0.0,0.8156046867370605,speaker_cosine,57e58ea9467a24bcc2305407dc45d2936f407c7b4f638b568401f0155d802eaa
vivos:train:VIVOSSPK04_R154,batch16,/Volumes/data/datasets/hibiki_vi_v2/tts/vivos_qwen3_tts_mlx_batch_v2r1_benchmark_2026-08-04/batch_size_16/batches/b16_VIVOSSPK04_001_8ef1a139d255/wavs/vivos_train_VIVOSSPK04_R154.wav,2.56,VÌ O TRÒN NHƯ QUẢ TRỨNG GÀ,Because O is round like a chicken egg.,"Because O is round like a chicken egg,",0.0,0.8467972874641418,speaker_cosine,b5a2dffbfe50f6c8304994eaf278517b557f0ad89605538195e142eaddfa022c
vivos:train:VIVOSSPK04_R053,scalar,/Volumes/data/datasets/hibiki_vi_v2/tts/vivos_qwen3_tts_mlx_v3_full_v1/wavs/train/VIVOSSPK04/vivos_train_VIVOSSPK04_R053.attempt0.wav,2.64,MẮT RƯNG RƯNG MUỐN KHÓC,"Eyes brimming with tears, about to cry.",They rimmed in with tears about to cry.,0.42857142857142855,0.8199617862701416,speaker_cosine,bf67a823f45fc7c1788a014bc158d3872386f00a9622d554e6bdc4c50404d6f0
vivos:train:VIVOSSPK04_R053,batch8,/Volumes/data/datasets/hibiki_vi_v2/tts/vivos_qwen3_tts_mlx_batch_v2r1_benchmark_2026-08-04/batch_size_8/batches/b08_VIVOSSPK04_003_20f5b37f318b/wavs/vivos_train_VIVOSSPK04_R053.wav,3.44,MẮT RƯNG RƯNG MUỐN KHÓC,"Eyes brimming with tears, about to cry.",dream bánh bánh minh with tears about to cry,0.5714285714285714,0.8871691823005676,asr_wer,e5a8a724e100b9c08f327110431843a36533e797e78021e372311ced705a61e4
vivos:train:VIVOSSPK04_R053,batch16,/Volumes/data/datasets/hibiki_vi_v2/tts/vivos_qwen3_tts_mlx_batch_v2r1_benchmark_2026-08-04/batch_size_16/batches/b16_VIVOSSPK04_001_8ef1a139d255/wavs/vivos_train_VIVOSSPK04_R053.wav,3.04,MẮT RƯNG RƯNG MUỐN KHÓC,"Eyes brimming with tears, about to cry.","Dreaming with tears, about to cry.",0.2857142857142857,0.9122695922851562,,46c4f223548814f1c2fc64ef0c937c337e67b15af1c9e40a6521d7bd2ff21384
vivos:train:VIVOSSPK04_R129,scalar,/Volumes/data/datasets/hibiki_vi_v2/tts/vivos_qwen3_tts_mlx_v3_full_v1/wavs/train/VIVOSSPK04/vivos_train_VIVOSSPK04_R129.attempt0.wav,2.8,VÀ THỜI GIAN DIỄN RA CHIẾN DỊCH RẤT DÀI,AND THE CAMPAIGN DURATION WAS VERY LONG,The campaign duration was very long.,0.14285714285714285,0.8775726556777954,,13143303441f755c80dac8a1dc36d1c9f92dcdad1b8be105248e3a10ee2e6ab9
vivos:train:VIVOSSPK04_R129,batch8,/Volumes/data/datasets/hibiki_vi_v2/tts/vivos_qwen3_tts_mlx_batch_v2r1_benchmark_2026-08-04/batch_size_8/batches/b08_VIVOSSPK04_003_20f5b37f318b/wavs/vivos_train_VIVOSSPK04_R129.wav,2.88,VÀ THỜI GIAN DIỄN RA CHIẾN DỊCH RẤT DÀI,AND THE CAMPAIGN DURATION WAS VERY LONG,Tài giang the campaign duration was very long.,0.2857142857142857,0.8763726949691772,,9ea37d3fa6801e6c67e535b111fe84e2fe6bb9ed8173e38898655bdc528c6883
vivos:train:VIVOSSPK04_R129,batch16,/Volumes/data/datasets/hibiki_vi_v2/tts/vivos_qwen3_tts_mlx_batch_v2r1_benchmark_2026-08-04/batch_size_16/batches/b16_VIVOSSPK04_001_8ef1a139d255/wavs/vivos_train_VIVOSSPK04_R129.wav,2.8,VÀ THỜI GIAN DIỄN RA CHIẾN DỊCH RẤT DÀI,AND THE CAMPAIGN DURATION WAS VERY LONG,"Tại dần, the campaign duration was very long.",0.2857142857142857,0.896092414855957,,3e5e71a30851ec178f955edec5e20cf6e85ffc56060293be091010ede621f601
vivos:train:VIVOSSPK04_T049,scalar,/Volumes/data/datasets/hibiki_vi_v2/tts/vivos_qwen3_tts_mlx_v3_full_v1/wavs/train/VIVOSSPK04/vivos_train_VIVOSSPK04_T049.attempt0.wav,3.04,CÁC CHUYÊN GIA TỰ TAY PHA CÀ PHÊ MỜI KHÁCH THƯỞNG THỨC,EXPERTS HAND-BREW COFFEE TO SERVE GUESTS,Experts hand-brew coffee to serve guests.,0.0,0.8996851444244385,,d890a32f26790404b8d0bd5604eea21bda63a43478ed22234112baba709ad138
vivos:train:VIVOSSPK04_T049,batch8,/Volumes/data/datasets/hibiki_vi_v2/tts/vivos_qwen3_tts_mlx_batch_v2r1_benchmark_2026-08-04/batch_size_8/batches/b08_VIVOSSPK04_003_20f5b37f318b/wavs/vivos_train_VIVOSSPK04_T049.wav,2.96,CÁC CHUYÊN GIA TỰ TAY PHA CÀ PHÊ MỜI KHÁCH THƯỞNG THỨC,EXPERTS HAND-BREW COFFEE TO SERVE GUESTS,The experts hand brew coffee to serve guests.,0.14285714285714285,0.8830320835113525,,0e285c4e0169ac7864e242eff650191c22940043360b137522a66a44a7cfab2e
vivos:train:VIVOSSPK04_T049,batch16,/Volumes/data/datasets/hibiki_vi_v2/tts/vivos_qwen3_tts_mlx_batch_v2r1_benchmark_2026-08-04/batch_size_16/batches/b16_VIVOSSPK04_001_8ef1a139d255/wavs/vivos_train_VIVOSSPK04_T049.wav,2.96,CÁC CHUYÊN GIA TỰ TAY PHA CÀ PHÊ MỜI KHÁCH THƯỞNG THỨC,EXPERTS HAND-BREW COFFEE TO SERVE GUESTS,Take expert hand brew coffee to serve guests.,0.2857142857142857,0.9184772968292236,,ddebd1f88802832ce90b3fcf520746458d52a89a83f318fe9ff32f88e7a30adb
vivos:train:VIVOSSPK04_R022,scalar,/Volumes/data/datasets/hibiki_vi_v2/tts/vivos_qwen3_tts_mlx_v3_full_v1/wavs/train/VIVOSSPK04/vivos_train_VIVOSSPK04_R022.attempt0.wav,2.32,SAU MỘT THỜI GIAN DÀI KHÁ IM HƠI LẶNG TIẾNG,AFTER A LONG PERIOD OF BEING QUITE LOW-KEY,Long period of pin quite low key.,0.3333333333333333,0.8978808522224426,,6f8b54c5579198b0a4c61fd9807053e6ae9d18bee015d45bde2010504882a812
vivos:train:VIVOSSPK04_R022,batch8,/Volumes/data/datasets/hibiki_vi_v2/tts/vivos_qwen3_tts_mlx_batch_v2r1_benchmark_2026-08-04/batch_size_8/batches/b08_VIVOSSPK04_003_20f5b37f318b/wavs/vivos_train_VIVOSSPK04_R022.wav,3.6,SAU MỘT THỜI GIAN DÀI KHÁ IM HƠI LẶNG TIẾNG,AFTER A LONG PERIOD OF BEING QUITE LOW-KEY,but after a long period of being quite low key.,0.1111111111111111,0.9760048985481262,,bdd76cd2d7755219b5e78a60596881e1aef0d53e1eed0241264558c12547e08e
vivos:train:VIVOSSPK04_R022,batch16,/Volumes/data/datasets/hibiki_vi_v2/tts/vivos_qwen3_tts_mlx_batch_v2r1_benchmark_2026-08-04/batch_size_16/batches/b16_VIVOSSPK04_001_8ef1a139d255/wavs/vivos_train_VIVOSSPK04_R022.wav,2.8,SAU MỘT THỜI GIAN DÀI KHÁ IM HƠI LẶNG TIẾNG,AFTER A LONG PERIOD OF BEING QUITE LOW-KEY,"But after a long period of being quite low,",0.2222222222222222,0.9416245222091675,,4de1bf6afdda365f63a74876a554d9b5606d0b15c9ed06234c44932317f7a75b
vivos:train:VIVOSSPK04_R153,scalar,/Volumes/data/datasets/hibiki_vi_v2/tts/vivos_qwen3_tts_mlx_v3_full_v1/wavs/train/VIVOSSPK04/vivos_train_VIVOSSPK04_R153.attempt0.wav,2.56,VỪA GỌI ĐIỆN CHO THẦY CÔ CỦA CON XONG,Just finished calling my child's teachers.,Thay just finished calling my child's teachers.,0.16666666666666666,0.9449031352996826,,c34eb0e700f0b3aa994a39e9fb02c622230327d38eaf29c2c80a99d645b4a6f7
vivos:train:VIVOSSPK04_R153,batch8,/Volumes/data/datasets/hibiki_vi_v2/tts/vivos_qwen3_tts_mlx_batch_v2r1_benchmark_2026-08-04/batch_size_8/batches/b08_VIVOSSPK04_003_20f5b37f318b/wavs/vivos_train_VIVOSSPK04_R153.wav,2.7670833333333333,VỪA GỌI ĐIỆN CHO THẦY CÔ CỦA CON XONG,Just finished calling my child's teachers.,I just finished calling my child's teacher,0.3333333333333333,0.9056146144866943,,970d37ea9201b5371ca4ccc6dcf0452c2a155153f668a1adf0dddf73342b2b20
vivos:train:VIVOSSPK04_R153,batch16,/Volumes/data/datasets/hibiki_vi_v2/tts/vivos_qwen3_tts_mlx_batch_v2r1_benchmark_2026-08-04/batch_size_16/batches/b16_VIVOSSPK04_001_8ef1a139d255/wavs/vivos_train_VIVOSSPK04_R153.wav,2.56,VỪA GỌI ĐIỆN CHO THẦY CÔ CỦA CON XONG,Just finished calling my child's teachers.,But I just finished calling my child's teachers.,0.3333333333333333,0.9228531718254089,,2b45672a00f68d81aa34514645f9b6d1ca8e8439b8eedc5bfd40d3d62bb33203
vivos:train:VIVOSSPK04_R054,scalar,/Volumes/data/datasets/hibiki_vi_v2/tts/vivos_qwen3_tts_mlx_v3_full_v1/wavs/train/VIVOSSPK04/vivos_train_VIVOSSPK04_R054.attempt0.wav,3.2,TÁCH BIỆT VỚI CĂN PHÒNG MÀ BẠN ĐANG Ở BÂY GIỜ,ISOLATED FROM THE ROOM YOU ARE IN RIGHT NOW,Take solar teeth from the room you are in right now.,0.3333333333333333,0.8789644241333008,,c1555b3cc356133678d63d0582a10dc1b8ba3115c790a28b4354f511b54fee74
vivos:train:VIVOSSPK04_R054,batch8,/Volumes/data/datasets/hibiki_vi_v2/tts/vivos_qwen3_tts_mlx_batch_v2r1_benchmark_2026-08-04/batch_size_8/batches/b08_VIVOSSPK04_004_78732c8a897d/wavs/vivos_train_VIVOSSPK04_R054.wav,3.12,TÁCH BIỆT VỚI CĂN PHÒNG MÀ BẠN ĐANG Ở BÂY GIỜ,ISOLATED FROM THE ROOM YOU ARE IN RIGHT NOW,Thay is so let's from the room you are in right now.,0.4444444444444444,0.8984031081199646,,0a6ef1904bf18495fc1e2b0cf0164adb8a27b2a751a8fc5b5dd8c31a3f44e39c
vivos:train:VIVOSSPK04_R054,batch16,/Volumes/data/datasets/hibiki_vi_v2/tts/vivos_qwen3_tts_mlx_batch_v2r1_benchmark_2026-08-04/batch_size_16/batches/b16_VIVOSSPK04_002_f89b341deb4c/wavs/vivos_train_VIVOSSPK04_R054.wav,3.28,TÁCH BIỆT VỚI CĂN PHÒNG MÀ BẠN ĐANG Ở BÂY GIỜ,ISOLATED FROM THE ROOM YOU ARE IN RIGHT NOW,Take isolated from the room you are in right now.,0.1111111111111111,0.8814578056335449,,0bd1749ca9d5d473b8ee5522b9f8394bfc03c19f7bbb3c4d0c9a9355bc97a966
vivos:train:VIVOSSPK04_R082,scalar,/Volumes/data/datasets/hibiki_vi_v2/tts/vivos_qwen3_tts_mlx_v3_full_v1/wavs/train/VIVOSSPK04/vivos_train_VIVOSSPK04_R082.attempt0.wav,4.4,SUY CHO CÙNG MỤC ĐÍCH TỐI HẬU CỦA CHÚNG TA,"WHEN ALL IS SAID AND DONE, OUR ULTIMATE GOAL",There went all is say in don't. I'll owe the my go.,1.1111111111111112,0.8494085669517517,"asr_wer,speaker_cosine",a763980f48efe83f1adf497f9eaf46ccca4c35b8a1070086fbcd24765369ae1d
vivos:train:VIVOSSPK04_R082,batch8,/Volumes/data/datasets/hibiki_vi_v2/tts/vivos_qwen3_tts_mlx_batch_v2r1_benchmark_2026-08-04/batch_size_8/batches/b08_VIVOSSPK04_004_78732c8a897d/wavs/vivos_train_VIVOSSPK04_R082.wav,4.32,SUY CHO CÙNG MỤC ĐÍCH TỐI HẬU CỦA CHÚNG TA,"WHEN ALL IS SAID AND DONE, OUR ULTIMATE GOAL","Tee when all is said and done, our ultimate goal.",0.1111111111111111,0.8877207040786743,,9b9ffce3000959ca5cea021b404aa3c3c51d77742748513a96ff0f9a433123fc
vivos:train:VIVOSSPK04_R082,batch16,/Volumes/data/datasets/hibiki_vi_v2/tts/vivos_qwen3_tts_mlx_batch_v2r1_benchmark_2026-08-04/batch_size_16/batches/b16_VIVOSSPK04_002_f89b341deb4c/wavs/vivos_train_VIVOSSPK04_R082.wav,3.36,SUY CHO CÙNG MỤC ĐÍCH TỐI HẬU CỦA CHÚNG TA,"WHEN ALL IS SAID AND DONE, OUR ULTIMATE GOAL",They win all is side and down our ultimate goal.,0.4444444444444444,0.8512462377548218,,ac569d03116ac3c087a2fa144f6cf5c5d611e0c7c32147a0029e0a01beca43ea
vivos:train:VIVOSSPK04_R104,scalar,/Volumes/data/datasets/hibiki_vi_v2/tts/vivos_qwen3_tts_mlx_v3_full_v1/wavs/train/VIVOSSPK04/vivos_train_VIVOSSPK04_R104.attempt0.wav,3.52,NHỚ CÂY NÊU VÀ KHÓI HƯƠNG NGÀY TẾT,REMEMBERING THE POLE AND INCENSE SMOKE OF TET,Tyran babbling the pole and incense smoke of death.,0.375,0.8535459637641907,,e8132a195606e7aac1ad5f4331457184703a48ef204c2828a0db08d1ef6c6952
vivos:train:VIVOSSPK04_R104,batch8,/Volumes/data/datasets/hibiki_vi_v2/tts/vivos_qwen3_tts_mlx_batch_v2r1_benchmark_2026-08-04/batch_size_8/batches/b08_VIVOSSPK04_004_78732c8a897d/wavs/vivos_train_VIVOSSPK04_R104.wav,3.36,NHỚ CÂY NÊU VÀ KHÓI HƯƠNG NGÀY TẾT,REMEMBERING THE POLE AND INCENSE SMOKE OF TET,They remembering the poor and incense smoke of death.,0.375,0.8837127685546875,,6ffd2742f6dc3aee2b2a0d2c342a29725861e50b3a30a410c73e66790b7ed44f
vivos:train:VIVOSSPK04_R104,batch16,/Volumes/data/datasets/hibiki_vi_v2/tts/vivos_qwen3_tts_mlx_batch_v2r1_benchmark_2026-08-04/batch_size_16/batches/b16_VIVOSSPK04_002_f89b341deb4c/wavs/vivos_train_VIVOSSPK04_R104.wav,3.28,NHỚ CÂY NÊU VÀ KHÓI HƯƠNG NGÀY TẾT,REMEMBERING THE POLE AND INCENSE SMOKE OF TET,They remembering the pole and insane smoke of death.,0.375,0.875934362411499,,715ffdd9034e21ce4456683b3d76e87dfe77a861e32ac1fbea026dbe13d00729
vivos:train:VIVOSSPK04_T047,scalar,/Volumes/data/datasets/hibiki_vi_v2/tts/vivos_qwen3_tts_mlx_v3_full_v1/wavs/train/VIVOSSPK04/vivos_train_VIVOSSPK04_T047.attempt0.wav,4.0,CẬN TẾT DỊCH VỤ LÀM ĐẸP VẪN Ế ẨM,BEAUTY SERVICES REMAIN SLOW AS TET APPROACHES,Table-to-Services remain slow as test approaches.,0.42857142857142855,0.8711389899253845,,d091fe741eb35c8d1c3e900aa6c9af7654cdaef92bc4da06e32a829cac581610
vivos:train:VIVOSSPK04_T047,batch8,/Volumes/data/datasets/hibiki_vi_v2/tts/vivos_qwen3_tts_mlx_batch_v2r1_benchmark_2026-08-04/batch_size_8/batches/b08_VIVOSSPK04_004_78732c8a897d/wavs/vivos_train_VIVOSSPK04_T047.wav,3.44,CẬN TẾT DỊCH VỤ LÀM ĐẸP VẪN Ế ẨM,BEAUTY SERVICES REMAIN SLOW AS TET APPROACHES,Table T services demand slow estate approaches.,0.7142857142857143,0.8691716194152832,asr_wer,29fd4b08af23aef63aa5161eaa4ffea0fc3b871244bd4a23c80f44f50472a1c3
vivos:train:VIVOSSPK04_T047,batch16,/Volumes/data/datasets/hibiki_vi_v2/tts/vivos_qwen3_tts_mlx_batch_v2r1_benchmark_2026-08-04/batch_size_16/batches/b16_VIVOSSPK04_002_f89b341deb4c/wavs/vivos_train_VIVOSSPK04_T047.wav,3.36,CẬN TẾT DỊCH VỤ LÀM ĐẸP VẪN Ế ẨM,BEAUTY SERVICES REMAIN SLOW AS TET APPROACHES,Table T services remain slow as test approaches.,0.42857142857142855,0.9192473888397217,,93f4528095f47817e90ab979cb7fed34c5e3e7a003e97f29da69a388c0a4c70b
vivos:train:VIVOSSPK04_R056,scalar,/Volumes/data/datasets/hibiki_vi_v2/tts/vivos_qwen3_tts_mlx_v3_full_v1/wavs/train/VIVOSSPK04/vivos_train_VIVOSSPK04_R056.attempt0.wav,4.08,NHÂN LOẠI KHẤP KHỞI VUI MỪNG VÀ MONG ĐỢI,HUMANKIND IS OVERJOYED AND FULL OF EXPECTATION,The humankind is overjoyed and full of expectations.,0.2857142857142857,0.8761414289474487,,29c4036c36ae180789e6dce918f774c9f05ee2ce30ed96e11c3396e7cab6d331
vivos:train:VIVOSSPK04_R056,batch8,/Volumes/data/datasets/hibiki_vi_v2/tts/vivos_qwen3_tts_mlx_batch_v2r1_benchmark_2026-08-04/batch_size_8/batches/b08_VIVOSSPK04_004_78732c8a897d/wavs/vivos_train_VIVOSSPK04_R056.wav,3.28,NHÂN LOẠI KHẤP KHỞI VUI MỪNG VÀ MONG ĐỢI,HUMANKIND IS OVERJOYED AND FULL OF EXPECTATION,Thay Human Kin is overjoyed and full of expectations.,0.5714285714285714,0.8945899605751038,asr_wer,a4a39c962aa69ab02ce6efd820602ecbf6b0f2165e8de98c33ff9ff0c3fbccb8
vivos:train:VIVOSSPK04_R056,batch16,/Volumes/data/datasets/hibiki_vi_v2/tts/vivos_qwen3_tts_mlx_batch_v2r1_benchmark_2026-08-04/batch_size_16/batches/b16_VIVOSSPK04_002_f89b341deb4c/wavs/vivos_train_VIVOSSPK04_R056.wav,3.04,NHÂN LOẠI KHẤP KHỞI VUI MỪNG VÀ MONG ĐỢI,HUMANKIND IS OVERJOYED AND FULL OF EXPECTATION,The ujai and full of expectation.,0.42857142857142855,0.85706627368927,silence_ratio,8cd93ee90b6edf578e8f2ec6e53830b6e534a92d432a085e90e2d74812446e4e
vivos:train:VIVOSSPK04_R024,scalar,/Volumes/data/datasets/hibiki_vi_v2/tts/vivos_qwen3_tts_mlx_v3_full_v1/wavs/train/VIVOSSPK04/vivos_train_VIVOSSPK04_R024.attempt0.wav,3.44,CŨNG NẮM RÕ THỂ THAO THẾ GIỚI TRONG LÒNG BÀN TAY,Also have world sports at the palm of your hand,They also have wall spots at the palm of your hand.,0.3,0.929162323474884,,b848525b7015e97815cb5665948c8ad2411c2a4540f2480ce1ed5bfbe188f574
vivos:train:VIVOSSPK04_R024,batch8,/Volumes/data/datasets/hibiki_vi_v2/tts/vivos_qwen3_tts_mlx_batch_v2r1_benchmark_2026-08-04/batch_size_8/batches/b08_VIVOSSPK04_004_78732c8a897d/wavs/vivos_train_VIVOSSPK04_R024.wav,3.52,CŨNG NẮM RÕ THỂ THAO THẾ GIỚI TRONG LÒNG BÀN TAY,Also have world sports at the palm of your hand,They also have world sports at the palm of your hand.,0.1,0.9226167798042297,,ac3fc700c888b555673c21df18f0d59fd1b458c51fa36d2a3d3777007da3caf9
vivos:train:VIVOSSPK04_R024,batch16,/Volumes/data/datasets/hibiki_vi_v2/tts/vivos_qwen3_tts_mlx_batch_v2r1_benchmark_2026-08-04/batch_size_16/batches/b16_VIVOSSPK04_002_f89b341deb4c/wavs/vivos_train_VIVOSSPK04_R024.wav,3.36,CŨNG NẮM RÕ THỂ THAO THẾ GIỚI TRONG LÒNG BÀN TAY,Also have world sports at the palm of your hand,They also have wall spots at the palm of your hand.,0.3,0.8862447738647461,,a7eadc368e5cc8761b17d05c642f30742d982fa59c368f2b19021bcf3c05260a
vivos:train:VIVOSSPK04_R155,scalar,/Volumes/data/datasets/hibiki_vi_v2/tts/vivos_qwen3_tts_mlx_v3_full_v1/wavs/train/VIVOSSPK04/vivos_train_VIVOSSPK04_R155.attempt0.wav,4.32,TỰ NHIÊN SỤT KÝ NẾU VẪN ĂN UỐNG,Unexplained weight loss despite eating normally,Did you explain weight loss despite eating normally?,0.5,0.9142364263534546,,f10e1c6a7c099f5014be726dc435a5da4ae6bdcea3ecdd4055564b43f5332e46
vivos:train:VIVOSSPK04_R155,batch8,/Volumes/data/datasets/hibiki_vi_v2/tts/vivos_qwen3_tts_mlx_batch_v2r1_benchmark_2026-08-04/batch_size_8/batches/b08_VIVOSSPK04_004_78732c8a897d/wavs/vivos_train_VIVOSSPK04_R155.wav,4.88,TỰ NHIÊN SỤT KÝ NẾU VẪN ĂN UỐNG,Unexplained weight loss despite eating normally,Tuôn lợn bằng tay ứng explain weight loss despite eating normally.,1.0,0.9136658310890198,asr_wer,17c1bdc39381ad20b12cc244e7444cc9cab3ec73852bb2281b31df6f86cbc7ba
vivos:train:VIVOSSPK04_R155,batch16,/Volumes/data/datasets/hibiki_vi_v2/tts/vivos_qwen3_tts_mlx_batch_v2r1_benchmark_2026-08-04/batch_size_16/batches/b16_VIVOSSPK04_002_f89b341deb4c/wavs/vivos_train_VIVOSSPK04_R155.wav,3.92,TỰ NHIÊN SỤT KÝ NẾU VẪN ĂN UỐNG,Unexplained weight loss despite eating normally,Luôn bà bàn tay uống explain weight loss despite eating normally.,1.0,0.9102850556373596,asr_wer,b065c7d273674a23436286254c7ef5bdc3e32b3c59b300067972a7dd4f04c03c
vivos:train:VIVOSSPK04_R166,scalar,/Volumes/data/datasets/hibiki_vi_v2/tts/vivos_qwen3_tts_mlx_v3_full_v1/wavs/train/VIVOSSPK04/vivos_train_VIVOSSPK04_R166.attempt0.wav,3.84,SẼ KHÔNG QUẤY NHIỄU DU KHÁCH KHI THAM QUAN,TOURISTS WILL NOT BE HARASSED WHILE SIGHTSEEING,Thay Thauris will not be harassed with sightseeing.,0.42857142857142855,0.9080204367637634,,723d8bc8a16833d9ea024016e34aa9d2d478bb579a65d2211c6f33b5cf94d668
vivos:train:VIVOSSPK04_R166,batch8,/Volumes/data/datasets/hibiki_vi_v2/tts/vivos_qwen3_tts_mlx_batch_v2r1_benchmark_2026-08-04/batch_size_8/batches/b08_VIVOSSPK04_004_78732c8a897d/wavs/vivos_train_VIVOSSPK04_R166.wav,3.68,SẼ KHÔNG QUẤY NHIỄU DU KHÁCH KHI THAM QUAN,TOURISTS WILL NOT BE HARASSED WHILE SIGHTSEEING,The tourists will not be harassed while sightseeing.,0.14285714285714285,0.8953546285629272,,568cdfb4bfe2298ab7ce581f33edc93afbcc21bcfb8428180c31008128e58b4a
vivos:train:VIVOSSPK04_R166,batch16,/Volumes/data/datasets/hibiki_vi_v2/tts/vivos_qwen3_tts_mlx_batch_v2r1_benchmark_2026-08-04/batch_size_16/batches/b16_VIVOSSPK04_002_f89b341deb4c/wavs/vivos_train_VIVOSSPK04_R166.wav,3.84,SẼ KHÔNG QUẤY NHIỄU DU KHÁCH KHI THAM QUAN,TOURISTS WILL NOT BE HARASSED WHILE SIGHTSEEING,Taitaurus will not be harassed with sightseeing.,0.2857142857142857,0.923220157623291,,4769b9a52d32cfbe30a7b4cec724431311211494d392363b6e95591775f1fc8e
vivos:train:VIVOSSPK04_R019,scalar,/Volumes/data/datasets/hibiki_vi_v2/tts/vivos_qwen3_tts_mlx_v3_full_v1/wavs/train/VIVOSSPK04/vivos_train_VIVOSSPK04_R019.attempt0.wav,2.88,TÔI CHỈ MUỐN VÀO TRƯỜNG MỸ THUẬT THIẾT KẾ,I JUST WANT TO GO TO FINE ARTS AND DESIGN SCHOOL,Digit want to go to finance and design school.,0.36363636363636365,0.8786407709121704,,f4131bdb6d5ff71eec176430d55737e078b0163c58c4487a8184589e19f86d65
vivos:train:VIVOSSPK04_R019,batch8,/Volumes/data/datasets/hibiki_vi_v2/tts/vivos_qwen3_tts_mlx_batch_v2r1_benchmark_2026-08-04/batch_size_8/batches/b08_VIVOSSPK04_005_e162be162250/wavs/vivos_train_VIVOSSPK04_R019.wav,3.2,TÔI CHỈ MUỐN VÀO TRƯỜNG MỸ THUẬT THIẾT KẾ,I JUST WANT TO GO TO FINE ARTS AND DESIGN SCHOOL,The just just want to go to Fine Arts and Design School.,0.18181818181818182,0.8906159400939941,,e2afa19c02664d7a17ebcc3da58a310846f72aece8d65991d6fee417bbad5d1e
vivos:train:VIVOSSPK04_R019,batch16,/Volumes/data/datasets/hibiki_vi_v2/tts/vivos_qwen3_tts_mlx_batch_v2r1_benchmark_2026-08-04/batch_size_16/batches/b16_VIVOSSPK04_002_f89b341deb4c/wavs/vivos_train_VIVOSSPK04_R019.wav,3.04,TÔI CHỈ MUỐN VÀO TRƯỜNG MỸ THUẬT THIẾT KẾ,I JUST WANT TO GO TO FINE ARTS AND DESIGN SCHOOL,They just want to go to find ads and design skills.,0.36363636363636365,0.8805917501449585,,35b44a391591dbfc845220e5b77eaeed384e9ee6ac7db09a5482091a0ec08469
vivos:train:VIVOSSPK04_R196,scalar,/Volumes/data/datasets/hibiki_vi_v2/tts/vivos_qwen3_tts_mlx_v3_full_v1/wavs/train/VIVOSSPK04/vivos_train_VIVOSSPK04_R196.attempt0.wav,3.7600416666666665,ĐỂ CÓ DÒNG NƯỚC MÁT LÀNH HÒA VÀO BIỂN CẢ,"TO HAVE COOL, FRESH WATER FLOWING INTO THE OCEAN","They have cool, fresh water flowing into the ocean.",0.1111111111111111,0.9128167629241943,,0b1cd6832848945811beea2187c617771678d2d79fe74c4b69815054bf007fb2
vivos:train:VIVOSSPK04_R196,batch8,/Volumes/data/datasets/hibiki_vi_v2/tts/vivos_qwen3_tts_mlx_batch_v2r1_benchmark_2026-08-04/batch_size_8/batches/b08_VIVOSSPK04_005_e162be162250/wavs/vivos_train_VIVOSSPK04_R196.wav,3.44,ĐỂ CÓ DÒNG NƯỚC MÁT LÀNH HÒA VÀO BIỂN CẢ,"TO HAVE COOL, FRESH WATER FLOWING INTO THE OCEAN","that I have cool, fresh water flowing into the ocean.",0.2222222222222222,0.9251399040222168,,98c4baaa37b5cac020b540c4c0cabf30bae9684159c35effa755710bc1465b25
vivos:train:VIVOSSPK04_R196,batch16,/Volumes/data/datasets/hibiki_vi_v2/tts/vivos_qwen3_tts_mlx_batch_v2r1_benchmark_2026-08-04/batch_size_16/batches/b16_VIVOSSPK04_002_f89b341deb4c/wavs/vivos_train_VIVOSSPK04_R196.wav,3.6,ĐỂ CÓ DÒNG NƯỚC MÁT LÀNH HÒA VÀO BIỂN CẢ,"TO HAVE COOL, FRESH WATER FLOWING INTO THE OCEAN","Tả hạp khu, fresh water flowing into the ocean.",0.3333333333333333,0.9146259427070618,,87519d6b05bd2ad216a8ec8c84a423ba698af1c6df71aba2ea1875ce245f2eb5
vivos:train:VIVOSSPK04_R174,scalar,/Volumes/data/datasets/hibiki_vi_v2/tts/vivos_qwen3_tts_mlx_v3_full_v1/wavs/train/VIVOSSPK04/vivos_train_VIVOSSPK04_R174.attempt0.wav,3.04,VỚI VIỆC DỌN DẸP NHÀ CỬA SAU CƠN LŨ DỮ,WITH CLEANING UP THE HOUSE AFTER THE SEVERE FLOOD,Take with cleaning up the house after the several floors,0.3333333333333333,0.9106615781784058,,c4eca3198e52b9206d2d877e691510af04b2a44764d9f733558ace39eef715a4
vivos:train:VIVOSSPK04_R174,batch8,/Volumes/data/datasets/hibiki_vi_v2/tts/vivos_qwen3_tts_mlx_batch_v2r1_benchmark_2026-08-04/batch_size_8/batches/b08_VIVOSSPK04_005_e162be162250/wavs/vivos_train_VIVOSSPK04_R174.wav,3.52,VỚI VIỆC DỌN DẸP NHÀ CỬA SAU CƠN LŨ DỮ,WITH CLEANING UP THE HOUSE AFTER THE SEVERE FLOOD,Thay with cleaning up the house after the severed flood.,0.2222222222222222,0.9298191666603088,,22372e366126536573be72f9497c2fe8c98bad9a0dcfa65affbaa5818d5cfe48
vivos:train:VIVOSSPK04_R174,batch16,/Volumes/data/datasets/hibiki_vi_v2/tts/vivos_qwen3_tts_mlx_batch_v2r1_benchmark_2026-08-04/batch_size_16/batches/b16_VIVOSSPK04_002_f89b341deb4c/wavs/vivos_train_VIVOSSPK04_R174.wav,3.36,VỚI VIỆC DỌN DẸP NHÀ CỬA SAU CƠN LŨ DỮ,WITH CLEANING UP THE HOUSE AFTER THE SEVERE FLOOD,They clean and up the house after the severe flood.,0.3333333333333333,0.9033840894699097,,5dc5be983a5c01ad031e72ba6e238b3701d20d01a1f2955947b81611581b0ff6
vivos:train:VIVOSSPK04_R146,scalar,/Volumes/data/datasets/hibiki_vi_v2/tts/vivos_qwen3_tts_mlx_v3_full_v1/wavs/train/VIVOSSPK04/vivos_train_VIVOSSPK04_R146.attempt0.wav,4.0,CÒN LÀ NHỮNG HÌNH ẢNH SỐNG ĐỘNG DIỄN RA HÀNG NGÀY,They are also vivid images taking place every day.,There are also vivid images taking place every day.,0.1111111111111111,0.8829063177108765,,458d069ad74fc97e4269e073899a3cdd978a58a4bc60e0186b4639cbb8e4a84e
vivos:train:VIVOSSPK04_R146,batch8,/Volumes/data/datasets/hibiki_vi_v2/tts/vivos_qwen3_tts_mlx_batch_v2r1_benchmark_2026-08-04/batch_size_8/batches/b08_VIVOSSPK04_005_e162be162250/wavs/vivos_train_VIVOSSPK04_R146.wav,3.7600416666666665,CÒN LÀ NHỮNG HÌNH ẢNH SỐNG ĐỘNG DIỄN RA HÀNG NGÀY,They are also vivid images taking place every day.,They are also vivid images taking place every day.,0.0,0.8974217772483826,,c6f2e4b4973f69b70bf4bfb58a2deb99a4bd98c774d2f7d17c70f18ff8713eca
vivos:train:VIVOSSPK04_R146,batch16,/Volumes/data/datasets/hibiki_vi_v2/tts/vivos_qwen3_tts_mlx_batch_v2r1_benchmark_2026-08-04/batch_size_16/batches/b16_VIVOSSPK04_002_f89b341deb4c/wavs/vivos_train_VIVOSSPK04_R146.wav,3.92,CÒN LÀ NHỮNG HÌNH ẢNH SỐNG ĐỘNG DIỄN RA HÀNG NGÀY,They are also vivid images taking place every day.,They are also vivid images taking place every day.,0.0,0.8648350238800049,,06ac742e50653b5033af9d9ad08c8ce1127406ec081b3f874cd0d2cd005c60b1
vivos:train:VIVOSSPK04_T020,scalar,/Volumes/data/datasets/hibiki_vi_v2/tts/vivos_qwen3_tts_mlx_v3_full_v1/wavs/train/VIVOSSPK04/vivos_train_VIVOSSPK04_T020.attempt0.wav,3.44,ANH ĐÃ DÙNG DAO ĐÂM CHẾT NGƯỜI,THE BROTHER USED A KNIFE TO STAB A PERSON TO DEATH,They prefer use a knife to stab a person to death.,0.2727272727272727,0.8945217728614807,,bc2080b5e05b91eb7b0f4b1d0efaba7e6f1f72e9ad487fdb0a87efd73054f892
vivos:train:VIVOSSPK04_T020,batch8,/Volumes/data/datasets/hibiki_vi_v2/tts/vivos_qwen3_tts_mlx_batch_v2r1_benchmark_2026-08-04/batch_size_8/batches/b08_VIVOSSPK04_005_e162be162250/wavs/vivos_train_VIVOSSPK04_T020.wav,3.44,ANH ĐÃ DÙNG DAO ĐÂM CHẾT NGƯỜI,THE BROTHER USED A KNIFE TO STAB A PERSON TO DEATH,The brother used a knife to stab a person to death.,0.0,0.8938895463943481,,26f6af5bc7f5b2c651fd1d317d3d5f76e89caaf8010c740658778f3de6cb7c05
vivos:train:VIVOSSPK04_T020,batch16,/Volumes/data/datasets/hibiki_vi_v2/tts/vivos_qwen3_tts_mlx_batch_v2r1_benchmark_2026-08-04/batch_size_16/batches/b16_VIVOSSPK04_002_f89b341deb4c/wavs/vivos_train_VIVOSSPK04_T020.wav,2.88,ANH ĐÃ DÙNG DAO ĐÂM CHẾT NGƯỜI,THE BROTHER USED A KNIFE TO STAB A PERSON TO DEATH,Ted brother used a knife to stab a person to death.,0.09090909090909091,0.8689917922019958,,858d3b7af59e1affc44cb7ffa1e62a711cb68c81aa1db07ff0d24a4279981390
vivos:train:VIVOSSPK04_T034,scalar,/Volumes/data/datasets/hibiki_vi_v2/tts/vivos_qwen3_tts_mlx_v3_full_v1/wavs/train/VIVOSSPK04/vivos_train_VIVOSSPK04_T034.attempt0.wav,3.36,CHỦ NHẬT HÀNG TUẦN NHIỀU BẠN TRẺ LẠI TẬP TRUNG Ở CÔNG VIÊN,"Every Sunday, many young people gather at the park.","Every Sunday, many young people gather at the park.",0.0,0.9280043244361877,,ff013c8637ce4bc72bce3b8c58502b030ca178c54895d02d752bc5aba6f30069
vivos:train:VIVOSSPK04_T034,batch8,/Volumes/data/datasets/hibiki_vi_v2/tts/vivos_qwen3_tts_mlx_batch_v2r1_benchmark_2026-08-04/batch_size_8/batches/b08_VIVOSSPK04_005_e162be162250/wavs/vivos_train_VIVOSSPK04_T034.wav,3.28,CHỦ NHẬT HÀNG TUẦN NHIỀU BẠN TRẺ LẠI TẬP TRUNG Ở CÔNG VIÊN,"Every Sunday, many young people gather at the park.","Every Sunday, many young people gather at the park.",0.0,0.9574447274208069,,22ac740360281968d3cb34838ab864ca0fda830b00b0a27a16f72c39d6a82505
vivos:train:VIVOSSPK04_T034,batch16,/Volumes/data/datasets/hibiki_vi_v2/tts/vivos_qwen3_tts_mlx_batch_v2r1_benchmark_2026-08-04/batch_size_16/batches/b16_VIVOSSPK04_002_f89b341deb4c/wavs/vivos_train_VIVOSSPK04_T034.wav,3.04,CHỦ NHẬT HÀNG TUẦN NHIỀU BẠN TRẺ LẠI TẬP TRUNG Ở CÔNG VIÊN,"Every Sunday, many young people gather at the park.","Every Sunday, many young people gather at the park",0.0,0.9453566074371338,,2fbbb37f19feda7812c84f05cf7b0524d774bbdc66287dfd71a369ded96ad07a
vivos:train:VIVOSSPK04_R087,scalar,/Volumes/data/datasets/hibiki_vi_v2/tts/vivos_qwen3_tts_mlx_v3_full_v1/wavs/train/VIVOSSPK04/vivos_train_VIVOSSPK04_R087.attempt0.wav,3.7600416666666665,THÁNH NHÂN ĐÃI KHÙ KHỜ CHÍNH LÀ CHỖ NÀY,"God favors fools, and this is exactly what it means.",Tay God favors fools and this is exactly what it means.,0.1,0.8691813945770264,,ff95c5bec89c8f0bcdcfedb9fe372eaf8e13b753b11e5b13d2bebf82ea05b33f
vivos:train:VIVOSSPK04_R087,batch8,/Volumes/data/datasets/hibiki_vi_v2/tts/vivos_qwen3_tts_mlx_batch_v2r1_benchmark_2026-08-04/batch_size_8/batches/b08_VIVOSSPK04_005_e162be162250/wavs/vivos_train_VIVOSSPK04_R087.wav,4.08,THÁNH NHÂN ĐÃI KHÙ KHỜ CHÍNH LÀ CHỖ NÀY,"God favors fools, and this is exactly what it means.",Thay got favors fools and this is exactly what it means.,0.2,0.9188492298126221,,2d08969e230a5231d875bad3c5c86550497a532c8cd155ab84d7c98530baaef3
vivos:train:VIVOSSPK04_R087,batch16,/Volumes/data/datasets/hibiki_vi_v2/tts/vivos_qwen3_tts_mlx_batch_v2r1_benchmark_2026-08-04/batch_size_16/batches/b16_VIVOSSPK04_002_f89b341deb4c/wavs/vivos_train_VIVOSSPK04_R087.wav,3.52,THÁNH NHÂN ĐÃI KHÙ KHỜ CHÍNH LÀ CHỖ NÀY,"God favors fools, and this is exactly what it means.",Thay got fibers false and this is exactly what it means.,0.4,0.8940883874893188,,630f04e7006da18c8184a321e7aa62c09e449eb6f6e0dfbebaf47d8fa7ede990
vivos:train:VIVOSSPK04_T046,scalar,/Volumes/data/datasets/hibiki_vi_v2/tts/vivos_qwen3_tts_mlx_v3_full_v1/wavs/train/VIVOSSPK04/vivos_train_VIVOSSPK04_T046.attempt0.wav,3.84,ĐÂY CŨNG LÀ GIAI ĐOẠN THỊ TRƯỜNG NHIỀU BIẾN CỐ NHẤT,THIS IS ALSO THE MOST TURBULENT PERIOD OF THE MARKET.,This is also the most turbulent period of the market.,0.0,0.9070346355438232,,7219aa105906ee3f2a89672a5bc8c705320e512807730d35d9dee365dc182d38
vivos:train:VIVOSSPK04_T046,batch8,/Volumes/data/datasets/hibiki_vi_v2/tts/vivos_qwen3_tts_mlx_batch_v2r1_benchmark_2026-08-04/batch_size_8/batches/b08_VIVOSSPK04_005_e162be162250/wavs/vivos_train_VIVOSSPK04_T046.wav,3.84,ĐÂY CŨNG LÀ GIAI ĐOẠN THỊ TRƯỜNG NHIỀU BIẾN CỐ NHẤT,THIS IS ALSO THE MOST TURBULENT PERIOD OF THE MARKET.,This is also the most turbulent period of the market.,0.0,0.8631016612052917,,cb8f884dc8b07e5d411daf7cb974d6c9f4486613d88138b7cf1e8b5e95941290
vivos:train:VIVOSSPK04_T046,batch16,/Volumes/data/datasets/hibiki_vi_v2/tts/vivos_qwen3_tts_mlx_batch_v2r1_benchmark_2026-08-04/batch_size_16/batches/b16_VIVOSSPK04_002_f89b341deb4c/wavs/vivos_train_VIVOSSPK04_T046.wav,3.44,ĐÂY CŨNG LÀ GIAI ĐOẠN THỊ TRƯỜNG NHIỀU BIẾN CỐ NHẤT,THIS IS ALSO THE MOST TURBULENT PERIOD OF THE MARKET.,This is also the most turbulent period of the market.,0.0,0.900931715965271,,8f256c348cbe0009e199b668929fa02407fd549ec8d9051de4a079757bf322fd
vivos:train:VIVOSSPK04_R195,scalar,/Volumes/data/datasets/hibiki_vi_v2/tts/vivos_qwen3_tts_mlx_v3_full_v1/wavs/train/VIVOSSPK04/vivos_train_VIVOSSPK04_R195.attempt0.wav,3.36,VÀ PHÍA TRUNG QUỐC ĐÃ LÊN TIẾNG XIN LỖI VỀ SỰ CỐ NÀY,And the Chinese side has apologized for this incident.,"Tian, the Chinese side has apologized for this incident.",0.1111111111111111,0.9257801175117493,,d89c4d240e592f98b54861594e9d8dd3cf23eb1f5384dbd7267faca159e02b59
vivos:train:VIVOSSPK04_R195,batch8,/Volumes/data/datasets/hibiki_vi_v2/tts/vivos_qwen3_tts_mlx_batch_v2r1_benchmark_2026-08-04/batch_size_8/batches/b08_VIVOSSPK04_006_4e82168f611f/wavs/vivos_train_VIVOSSPK04_R195.wav,3.44,VÀ PHÍA TRUNG QUỐC ĐÃ LÊN TIẾNG XIN LỖI VỀ SỰ CỐ NÀY,And the Chinese side has apologized for this incident.,Then the Chinese side has apologized for this incident.,0.1111111111111111,0.8476359844207764,speaker_cosine,142c21c4c97c1cb9c671f6c68b31dbb1f2ce878ebaeb32c34ce8ab125f40ceb2
vivos:train:VIVOSSPK04_R195,batch16,/Volumes/data/datasets/hibiki_vi_v2/tts/vivos_qwen3_tts_mlx_batch_v2r1_benchmark_2026-08-04/batch_size_16/batches/b16_VIVOSSPK04_003_adbda6076a77/wavs/vivos_train_VIVOSSPK04_R195.wav,3.68,VÀ PHÍA TRUNG QUỐC ĐÃ LÊN TIẾNG XIN LỖI VỀ SỰ CỐ NÀY,And the Chinese side has apologized for this incident.,"Tay An, the Chinese side, has apologized for this incident.",0.2222222222222222,0.899429440498352,,0f98c457aa4121d82f1b5c1ca085abd34684e8c729d3524711819406cb32cbd9
vivos:train:VIVOSSPK04_T013,scalar,/Volumes/data/datasets/hibiki_vi_v2/tts/vivos_qwen3_tts_mlx_v3_full_v1/wavs/train/VIVOSSPK04/vivos_train_VIVOSSPK04_T013.attempt0.wav,4.16,DỰ BÁO THỜI TIẾT CÓ THỂ SAI VÌ ĐÔ THỊ,WEATHER FORECASTS COULD BE WRONG BECAUSE OF URBAN AREAS,The water forecast could be wrong because of urban areas.,0.3333333333333333,0.91402268409729,,c916606f3face211ce88cad63cc039e1a2a5ea167c0750335783ac8f9ef7f6fc
vivos:train:VIVOSSPK04_T013,batch8,/Volumes/data/datasets/hibiki_vi_v2/tts/vivos_qwen3_tts_mlx_batch_v2r1_benchmark_2026-08-04/batch_size_8/batches/b08_VIVOSSPK04_006_4e82168f611f/wavs/vivos_train_VIVOSSPK04_T013.wav,3.92,DỰ BÁO THỜI TIẾT CÓ THỂ SAI VÌ ĐÔ THỊ,WEATHER FORECASTS COULD BE WRONG BECAUSE OF URBAN AREAS,The weather forecast could be wrong because of urban areas.,0.2222222222222222,0.9138427376747131,,d8f6d533e412f5d4438f7261141275b60a291a60d5931802d3985c2062627816
vivos:train:VIVOSSPK04_T013,batch16,/Volumes/data/datasets/hibiki_vi_v2/tts/vivos_qwen3_tts_mlx_batch_v2r1_benchmark_2026-08-04/batch_size_16/batches/b16_VIVOSSPK04_003_adbda6076a77/wavs/vivos_train_VIVOSSPK04_T013.wav,3.68,DỰ BÁO THỜI TIẾT CÓ THỂ SAI VÌ ĐÔ THỊ,WEATHER FORECASTS COULD BE WRONG BECAUSE OF URBAN AREAS,The weather forecast could be wrong because of urban areas.,0.2222222222222222,0.9228223562240601,,0a27970fc5fb9476813cfd3f77ea058ca18be4266fa4da347464a0824c89edb5
vivos:train:VIVOSSPK04_R018,scalar,/Volumes/data/datasets/hibiki_vi_v2/tts/vivos_qwen3_tts_mlx_v3_full_v1/wavs/train/VIVOSSPK04/vivos_train_VIVOSSPK04_R018.attempt0.wav,3.7600416666666665,RẤT RIÊNG CỦA NGƯỜI MÔNG TRƯỚC KHI VÀO ĐIỆU,VERY UNIQUE TO THE HMONG PEOPLE BEFORE ENTERING THE DANCE,They were unique to the Hammon people before entering the dance.,0.3,0.8220260143280029,speaker_cosine,67b7c748b3622904e642855c6233b29da1a0befff9f169767a2c857bb7998140
vivos:train:VIVOSSPK04_R018,batch8,/Volumes/data/datasets/hibiki_vi_v2/tts/vivos_qwen3_tts_mlx_batch_v2r1_benchmark_2026-08-04/batch_size_8/batches/b08_VIVOSSPK04_006_4e82168f611f/wavs/vivos_train_VIVOSSPK04_R018.wav,4.32,RẤT RIÊNG CỦA NGƯỜI MÔNG TRƯỚC KHI VÀO ĐIỆU,VERY UNIQUE TO THE HMONG PEOPLE BEFORE ENTERING THE DANCE,They are very unique to the Hammon people before entering the dance.,0.3,0.8621350526809692,,f9b92bbf317c22b5bb6aa4954694267accc0b1cc7fa4e0767c3d982a00e38d61
vivos:train:VIVOSSPK04_R018,batch16,/Volumes/data/datasets/hibiki_vi_v2/tts/vivos_qwen3_tts_mlx_batch_v2r1_benchmark_2026-08-04/batch_size_16/batches/b16_VIVOSSPK04_003_adbda6076a77/wavs/vivos_train_VIVOSSPK04_R018.wav,4.16,RẤT RIÊNG CỦA NGƯỜI MÔNG TRƯỚC KHI VÀO ĐIỆU,VERY UNIQUE TO THE HMONG PEOPLE BEFORE ENTERING THE DANCE,They were unique to the Hamun people before entering the dance.,0.3,0.8774917125701904,,bf9f77ce1956e7aa56722f52e4d55fbc6c10804317e1fa28c78aa8a005eeb188
vivos:train:VIVOSSPK04_R183,scalar,/Volumes/data/datasets/hibiki_vi_v2/tts/vivos_qwen3_tts_mlx_v3_full_v1/wavs/train/VIVOSSPK04/vivos_train_VIVOSSPK04_R183.attempt0.wav,3.36,HỌ BUỘC CHÂN VỚI NHAU BẰNG MỘT SỢI DÂY CƯỚC CHẮC CHẮN,They tied their legs together with a strong fishing line.,They tie their legs together with a strong fishing line.,0.1,0.8682763576507568,,065e074d7237928448c28d1ef19720247c4b2861f105a0fad11aec3145795d1d
vivos:train:VIVOSSPK04_R183,batch8,/Volumes/data/datasets/hibiki_vi_v2/tts/vivos_qwen3_tts_mlx_batch_v2r1_benchmark_2026-08-04/batch_size_8/batches/b08_VIVOSSPK04_006_4e82168f611f/wavs/vivos_train_VIVOSSPK04_R183.wav,3.7600416666666665,HỌ BUỘC CHÂN VỚI NHAU BẰNG MỘT SỢI DÂY CƯỚC CHẮC CHẮN,They tied their legs together with a strong fishing line.,They tied their legs together with a strong fishing line.,0.0,0.8968851566314697,,8bdff7b8eea3a4ab868dae9baba8e480c4f0f5e4540d1bf7142eb7bef8511786
vivos:train:VIVOSSPK04_R183,batch16,/Volumes/data/datasets/hibiki_vi_v2/tts/vivos_qwen3_tts_mlx_batch_v2r1_benchmark_2026-08-04/batch_size_16/batches/b16_VIVOSSPK04_003_adbda6076a77/wavs/vivos_train_VIVOSSPK04_R183.wav,3.92,HỌ BUỘC CHÂN VỚI NHAU BẰNG MỘT SỢI DÂY CƯỚC CHẮC CHẮN,They tied their legs together with a strong fishing line.,They tied their legs together with a strong fishing line.,0.0,0.9041448831558228,,35fae776f3b1a85e0f89d74fe6bb24e290bc7068bd42ff60cff97d6c911d957c
vivos:train:VIVOSSPK04_R097,scalar,/Volumes/data/datasets/hibiki_vi_v2/tts/vivos_qwen3_tts_mlx_v3_full_v1/wavs/train/VIVOSSPK04/vivos_train_VIVOSSPK04_R097.attempt0.wav,4.24,NÊN MẸ ĐÃ ĐI ĐẾN QUYẾT ĐỊNH LÀ KHÔNG SINH TÔI RA,So my mother came to the decision not to give birth to me.,"Thấy sau, my mother came to the decision not to give birth to me.",0.15384615384615385,0.870612621307373,,22e1a0541df8bcfb7cbe2f239fbb9a065fe6d97985028fde1034cad88a978fdc
vivos:train:VIVOSSPK04_R097,batch8,/Volumes/data/datasets/hibiki_vi_v2/tts/vivos_qwen3_tts_mlx_batch_v2r1_benchmark_2026-08-04/batch_size_8/batches/b08_VIVOSSPK04_006_4e82168f611f/wavs/vivos_train_VIVOSSPK04_R097.wav,4.0,NÊN MẸ ĐÃ ĐI ĐẾN QUYẾT ĐỊNH LÀ KHÔNG SINH TÔI RA,So my mother came to the decision not to give birth to me.,Thay so my mother came to the decision not to give birth to me.,0.07692307692307693,0.85039222240448,,a8df342f4418eb556d50438a77d5e64c4ce659b8b96501eb2abdc098e12a04ae
vivos:train:VIVOSSPK04_R097,batch16,/Volumes/data/datasets/hibiki_vi_v2/tts/vivos_qwen3_tts_mlx_batch_v2r1_benchmark_2026-08-04/batch_size_16/batches/b16_VIVOSSPK04_003_adbda6076a77/wavs/vivos_train_VIVOSSPK04_R097.wav,3.92,NÊN MẸ ĐÃ ĐI ĐẾN QUYẾT ĐỊNH LÀ KHÔNG SINH TÔI RA,So my mother came to the decision not to give birth to me.,"Thay so, my mother came to the decision not to give birth to me.",0.07692307692307693,0.8167920112609863,speaker_cosine,4e45b95ce3b1de9b4a2b0e84f9a564424f4544502dec72dade29c17774957e4f
vivos:train:VIVOSSPK04_R171,scalar,/Volumes/data/datasets/hibiki_vi_v2/tts/vivos_qwen3_tts_mlx_v3_full_v1/wavs/train/VIVOSSPK04/vivos_train_VIVOSSPK04_R171.attempt0.wav,3.92,KHÔNG AI CÓ THỂ ĐẶT TIÊU CHUẨN CHO NHỮNG GÌ MÀ BẠN CHUẨN BỊ BẮT TAY VÀO LÀM,NO ONE CAN SET STANDARDS FOR WHAT YOU ARE ABOUT TO EMBARK ON,Tino 1 can set standards for what you are about to embark on.,0.15384615384615385,0.8650702238082886,,d7cfe387351fb3524339cf39cb2d012ffcf62c51372b733d63e09e4c3fdd4ead
vivos:train:VIVOSSPK04_R171,batch8,/Volumes/data/datasets/hibiki_vi_v2/tts/vivos_qwen3_tts_mlx_batch_v2r1_benchmark_2026-08-04/batch_size_8/batches/b08_VIVOSSPK04_006_4e82168f611f/wavs/vivos_train_VIVOSSPK04_R171.wav,4.0,KHÔNG AI CÓ THỂ ĐẶT TIÊU CHUẨN CHO NHỮNG GÌ MÀ BẠN CHUẨN BỊ BẮT TAY VÀO LÀM,NO ONE CAN SET STANDARDS FOR WHAT YOU ARE ABOUT TO EMBARK ON,Taino 1 can set standards for what you are about to embark on.,0.15384615384615385,0.8982446789741516,,28a70b0e415b1ce5368bdf59b74c8e94d69f08e3ee488bf9168330f6459afcaf
vivos:train:VIVOSSPK04_R171,batch16,/Volumes/data/datasets/hibiki_vi_v2/tts/vivos_qwen3_tts_mlx_batch_v2r1_benchmark_2026-08-04/batch_size_16/batches/b16_VIVOSSPK04_003_adbda6076a77/wavs/vivos_train_VIVOSSPK04_R171.wav,4.64,KHÔNG AI CÓ THỂ ĐẶT TIÊU CHUẨN CHO NHỮNG GÌ MÀ BẠN CHUẨN BỊ BẮT TAY VÀO LÀM,NO ONE CAN SET STANDARDS FOR WHAT YOU ARE ABOUT TO EMBARK ON,but no one can set standards for what you are about to embark on.,0.07692307692307693,0.9240837693214417,,e90892f26b3ef97e605e089f08c60acdf8ce5873cddacceaddb7decb4463c1a6
vivos:train:VIVOSSPK04_T015,scalar,/Volumes/data/datasets/hibiki_vi_v2/tts/vivos_qwen3_tts_mlx_v3_full_v1/wavs/train/VIVOSSPK04/vivos_train_VIVOSSPK04_T015.attempt0.wav,4.96,SỰ BUỒN TẺ TRONG CÔNG VIỆC CÓ THỂ TRỞ THÀNH MẢNH ĐẤT MÀU MỠ CHO HOẠT ĐỘNG SÁNG TẠO,BOREDOM AT WORK CAN BE A FERTILE GROUND FOR CREATIVE ACTIVITY,Tai Boredom at work can be a photogram for creative activity.,0.2727272727272727,0.9013880491256714,,e1f3c1d2462179ef85d01602687e0dbe72b9e2926a492a9550bc539e92f0886a
vivos:train:VIVOSSPK04_T015,batch8,/Volumes/data/datasets/hibiki_vi_v2/tts/vivos_qwen3_tts_mlx_batch_v2r1_benchmark_2026-08-04/batch_size_8/batches/b08_VIVOSSPK04_006_4e82168f611f/wavs/vivos_train_VIVOSSPK04_T015.wav,5.2,SỰ BUỒN TẺ TRONG CÔNG VIỆC CÓ THỂ TRỞ THÀNH MẢNH ĐẤT MÀU MỠ CHO HOẠT ĐỘNG SÁNG TẠO,BOREDOM AT WORK CAN BE A FERTILE GROUND FOR CREATIVE ACTIVITY,Typo Redome at work can be a fertile ground for creative activity.,0.18181818181818182,0.921549379825592,,90e385fa7d98885cfe9d583d73562f81422958d4216d94439790e20e1ec2067c
vivos:train:VIVOSSPK04_T015,batch16,/Volumes/data/datasets/hibiki_vi_v2/tts/vivos_qwen3_tts_mlx_batch_v2r1_benchmark_2026-08-04/batch_size_16/batches/b16_VIVOSSPK04_003_adbda6076a77/wavs/vivos_train_VIVOSSPK04_T015.wav,4.24,SỰ BUỒN TẺ TRONG CÔNG VIỆC CÓ THỂ TRỞ THÀNH MẢNH ĐẤT MÀU MỠ CHO HOẠT ĐỘNG SÁNG TẠO,BOREDOM AT WORK CAN BE A FERTILE GROUND FOR CREATIVE ACTIVITY,Table de dom at work can be a fertile ground for creative activity.,0.2727272727272727,0.9099526405334473,,e682f211a99ed3118ca1806b05c1a30597f5c76c297d461cb434fa87d629f6cb
vivos:train:VIVOSSPK04_R075,scalar,/Volumes/data/datasets/hibiki_vi_v2/tts/vivos_qwen3_tts_mlx_v3_full_v1/wavs/train/VIVOSSPK04/vivos_train_VIVOSSPK04_R075.attempt0.wav,3.2,ĐẾN CỬA HIỆU THỨ CHÍN MẶT CHÚ RỂ MÓP XỌP VÌ MỆT,"By the ninth shop, the groom's face was sunken with exhaustion.",The groom's face was sunken with exhaustion.,0.36363636363636365,0.9005258679389954,,1288d10a8427b79edab8eda27cbbed5b422c4940181db2d5718ef5b4df200ff0
vivos:train:VIVOSSPK04_R075,batch8,/Volumes/data/datasets/hibiki_vi_v2/tts/vivos_qwen3_tts_mlx_batch_v2r1_benchmark_2026-08-04/batch_size_8/batches/b08_VIVOSSPK04_006_4e82168f611f/wavs/vivos_train_VIVOSSPK04_R075.wav,4.0,ĐẾN CỬA HIỆU THỨ CHÍN MẶT CHÚ RỂ MÓP XỌP VÌ MỆT,"By the ninth shop, the groom's face was sunken with exhaustion.","Then unsharp, the groom's face was sunken with exhaustion.",0.36363636363636365,0.9248882532119751,,ae36e700cb9873437072e2a83f33ad15ebe7aaa89918d83d8a66714ed03d4fb6
vivos:train:VIVOSSPK04_R075,batch16,/Volumes/data/datasets/hibiki_vi_v2/tts/vivos_qwen3_tts_mlx_batch_v2r1_benchmark_2026-08-04/batch_size_16/batches/b16_VIVOSSPK04_003_adbda6076a77/wavs/vivos_train_VIVOSSPK04_R075.wav,4.08,ĐẾN CỬA HIỆU THỨ CHÍN MẶT CHÚ RỂ MÓP XỌP VÌ MỆT,"By the ninth shop, the groom's face was sunken with exhaustion.","Till with the knife sharp, the groom's face was sunken with exhaustion.",0.36363636363636365,0.8807312846183777,,19ab0e8a71d613a00b797f6d4ff66c0e430aa386fad5fc7be026b734557a8d34
vivos:train:VIVOSSPK04_T005,scalar,/Volumes/data/datasets/hibiki_vi_v2/tts/vivos_qwen3_tts_mlx_v3_full_v1/wavs/train/VIVOSSPK04/vivos_train_VIVOSSPK04_T005.attempt0.wav,4.88,ĐƯỜNG PHỐ ĐƯỢC TRANG TRÍ LẠI RỰC VÀNG MÀU HOA MAI,THE STREETS ARE REDECORATED WITH BRILLIANT YELLOW APRICOT BLOSSOMS,Taste treats are redecorated with brilliant yellow apricot blossoms.,0.2222222222222222,0.9137784242630005,,e457980a653cd4df76790092478dd76a2ccc013fe76f8e0268b2e208be90b6d1
vivos:train:VIVOSSPK04_T005,batch8,/Volumes/data/datasets/hibiki_vi_v2/tts/vivos_qwen3_tts_mlx_batch_v2r1_benchmark_2026-08-04/batch_size_8/batches/b08_VIVOSSPK04_007_35a728274ab1/wavs/vivos_train_VIVOSSPK04_T005.wav,4.72,ĐƯỜNG PHỐ ĐƯỢC TRANG TRÍ LẠI RỰC VÀNG MÀU HOA MAI,THE STREETS ARE REDECORATED WITH BRILLIANT YELLOW APRICOT BLOSSOMS,These sheets are redecorated with brilliant Yulo Apricot blossoms.,0.3333333333333333,0.9072498083114624,,92c74b3a90956ceec59618f3dfaff2b9083e6bfc554ef71e9fcbd1b6a5849408
vivos:train:VIVOSSPK04_T005,batch16,/Volumes/data/datasets/hibiki_vi_v2/tts/vivos_qwen3_tts_mlx_batch_v2r1_benchmark_2026-08-04/batch_size_16/batches/b16_VIVOSSPK04_003_adbda6076a77/wavs/vivos_train_VIVOSSPK04_T005.wav,4.8,ĐƯỜNG PHỐ ĐƯỢC TRANG TRÍ LẠI RỰC VÀNG MÀU HOA MAI,THE STREETS ARE REDECORATED WITH BRILLIANT YELLOW APRICOT BLOSSOMS,These tricks are redecorated with brilliant yellow apricot blossoms.,0.2222222222222222,0.8745898008346558,,dfda4c46403dbba0c775dc336485029f2356f33cd7a01dece8551a19bd86b8d2
vivos:train:VIVOSSPK04_R142,scalar,/Volumes/data/datasets/hibiki_vi_v2/tts/vivos_qwen3_tts_mlx_v3_full_v1/wavs/train/VIVOSSPK04/vivos_train_VIVOSSPK04_R142.attempt0.wav,5.04,HÍT THỞ CÁI KHÔNG KHÍ THOANG THOẢNG MÙI THƠM CỦA BÔNG TRÀM,Breathe in the air faintly scented with the aroma of cajeput blossoms,They breathe in the air friendly scented with the aroma of cayenne put blossoms.,0.3333333333333333,0.8680633306503296,,37b33037d3fdb8757daac76e7206d8d3098bbc89c98f4b13e7c2da2dc3f81043
vivos:train:VIVOSSPK04_R142,batch8,/Volumes/data/datasets/hibiki_vi_v2/tts/vivos_qwen3_tts_mlx_batch_v2r1_benchmark_2026-08-04/batch_size_8/batches/b08_VIVOSSPK04_007_35a728274ab1/wavs/vivos_train_VIVOSSPK04_R142.wav,4.64,HÍT THỞ CÁI KHÔNG KHÍ THOANG THOẢNG MÙI THƠM CỦA BÔNG TRÀM,Breathe in the air faintly scented with the aroma of cajeput blossoms,They breathe in the air funnily scented with the aroma of chai put blossoms.,0.3333333333333333,0.9141398072242737,,891406ffcf5b539535533d4cd442b8f96276e5af12b4d38a3d8a7d5d73893a17
vivos:train:VIVOSSPK04_R142,batch16,/Volumes/data/datasets/hibiki_vi_v2/tts/vivos_qwen3_tts_mlx_batch_v2r1_benchmark_2026-08-04/batch_size_16/batches/b16_VIVOSSPK04_003_adbda6076a77/wavs/vivos_train_VIVOSSPK04_R142.wav,4.8,HÍT THỞ CÁI KHÔNG KHÍ THOANG THOẢNG MÙI THƠM CỦA BÔNG TRÀM,Breathe in the air faintly scented with the aroma of cajeput blossoms,They breathe in the air friendly scented with the aroma of cassia put blossoms.,0.3333333333333333,0.9071682691574097,,09c90e74f5f76526f7f721a65ff86f0d32da5343a45e25575b0e430b90e0ad5e
vivos:train:VIVOSSPK04_R134,scalar,/Volumes/data/datasets/hibiki_vi_v2/tts/vivos_qwen3_tts_mlx_v3_full_v1/wavs/train/VIVOSSPK04/vivos_train_VIVOSSPK04_R134.attempt0.wav,5.12,THÌ NHÀ ĐẦU TƯ NƯỚC NGOÀI ĐÃ GẦN NHƯ HẾT ROM,Foreign investors have almost run out of foreign ownership limit space.,The foreign investors have almost run out of foreign ownership limit space.,0.09090909090909091,0.861720085144043,,fad0fb168b3041f1817b10d985fb49655d49fd29db066e0860e36a2aea139cc5
vivos:train:VIVOSSPK04_R134,batch8,/Volumes/data/datasets/hibiki_vi_v2/tts/vivos_qwen3_tts_mlx_batch_v2r1_benchmark_2026-08-04/batch_size_8/batches/b08_VIVOSSPK04_007_35a728274ab1/wavs/vivos_train_VIVOSSPK04_R134.wav,4.8,THÌ NHÀ ĐẦU TƯ NƯỚC NGOÀI ĐÃ GẦN NHƯ HẾT ROM,Foreign investors have almost run out of foreign ownership limit space.,The foreign investors have almost run out of foreign ownership limit space.,0.09090909090909091,0.9134839773178101,,f5bff85a3414be51912c293a96bf7a10cff6c588a85fffa2948fa5cc6c754677
vivos:train:VIVOSSPK04_R134,batch16,/Volumes/data/datasets/hibiki_vi_v2/tts/vivos_qwen3_tts_mlx_batch_v2r1_benchmark_2026-08-04/batch_size_16/batches/b16_VIVOSSPK04_003_adbda6076a77/wavs/vivos_train_VIVOSSPK04_R134.wav,4.48,THÌ NHÀ ĐẦU TƯ NƯỚC NGOÀI ĐÃ GẦN NHƯ HẾT ROM,Foreign investors have almost run out of foreign ownership limit space.,Pay foreign investors have almost run out of foreign ownership limit space.,0.09090909090909091,0.9552164673805237,,e2ab7dd2a280b0819f4a8c7b0ee003735307729b2067c502139b25c44bf4bf4c
vivos:train:VIVOSSPK04_R026,scalar,/Volumes/data/datasets/hibiki_vi_v2/tts/vivos_qwen3_tts_mlx_v3_full_v1/wavs/train/VIVOSSPK04/vivos_train_VIVOSSPK04_R026.attempt0.wav,6.08,LÀM PHÁO ĐẤT TẬP ĐI CÀ KHEO HOÀI LAM VĂN VIỆT,"MAKING EARTH FIRECRACKERS, LEARNING TO WALK ON STILTS, HOAI LAM, VAN VIET","Tây Ma Kinh ớt firecrackers, learning to walk on stilts, hoài lam, vành viết.",0.5833333333333334,0.9416175484657288,asr_wer,7359bd06598a829dbcad518fad5e95476743cfbbb4de91bfb9aba3abf33d29fe
vivos:train:VIVOSSPK04_R026,batch8,/Volumes/data/datasets/hibiki_vi_v2/tts/vivos_qwen3_tts_mlx_batch_v2r1_benchmark_2026-08-04/batch_size_8/batches/b08_VIVOSSPK04_007_35a728274ab1/wavs/vivos_train_VIVOSSPK04_R026.wav,6.08,LÀM PHÁO ĐẤT TẬP ĐI CÀ KHEO HOÀI LAM VĂN VIỆT,"MAKING EARTH FIRECRACKERS, LEARNING TO WALK ON STILTS, HOAI LAM, VAN VIET","The marking earth's favorite crackers learning to walk on steels, whole eye lam vanviet.",0.8333333333333334,0.89490807056427,asr_wer,83523adb1c4b45199a75c01a294535050f5ee3d66fea8306a01115818f636f33
vivos:train:VIVOSSPK04_R026,batch16,/Volumes/data/datasets/hibiki_vi_v2/tts/vivos_qwen3_tts_mlx_batch_v2r1_benchmark_2026-08-04/batch_size_16/batches/b16_VIVOSSPK04_003_adbda6076a77/wavs/vivos_train_VIVOSSPK04_R026.wav,6.64,LÀM PHÁO ĐẤT TẬP ĐI CÀ KHEO HOÀI LAM VĂN VIỆT,"MAKING EARTH FIRECRACKERS, LEARNING TO WALK ON STILTS, HOAI LAM, VAN VIET","Time for King of Firecrackers, Learning to Work on Steel, How I Làm, Venfet.",0.8333333333333334,0.9408649802207947,asr_wer,c41d6c1c0352cd11dfacaf0f6a862131a08a11854d75910f4836065639611bfd
vivos:train:VIVOSSPK04_R170,scalar,/Volumes/data/datasets/hibiki_vi_v2/tts/vivos_qwen3_tts_mlx_v3_full_v1/wavs/train/VIVOSSPK04/vivos_train_VIVOSSPK04_R170.attempt0.wav,4.96,BẤY GIỜ BÀ RA VƯỜN VÉN VÁY ĐI TIỂU,"Then the old woman went out to the garden, lifted her skirt, and urinated.","Then the old woman went out to the garden, lifted her skirt and urinated.",0.0,0.9342357516288757,,a8b87a08a0796ed387ca482df932bd872efbdfe0c03aa9c7af5a13ff41f374d3
vivos:train:VIVOSSPK04_R170,batch8,/Volumes/data/datasets/hibiki_vi_v2/tts/vivos_qwen3_tts_mlx_batch_v2r1_benchmark_2026-08-04/batch_size_8/batches/b08_VIVOSSPK04_007_35a728274ab1/wavs/vivos_train_VIVOSSPK04_R170.wav,5.6,BẤY GIỜ BÀ RA VƯỜN VÉN VÁY ĐI TIỂU,"Then the old woman went out to the garden, lifted her skirt, and urinated.","Then the old woman went out to the garden, lifted her skirt and urinated.",0.0,0.9554556608200073,,4bd1b5a1c2e2231f722ca585517ed4662f4c4f80fe5cabc1d825922a9d91dbb9
vivos:train:VIVOSSPK04_R170,batch16,/Volumes/data/datasets/hibiki_vi_v2/tts/vivos_qwen3_tts_mlx_batch_v2r1_benchmark_2026-08-04/batch_size_16/batches/b16_VIVOSSPK04_003_adbda6076a77/wavs/vivos_train_VIVOSSPK04_R170.wav,5.28,BẤY GIỜ BÀ RA VƯỜN VÉN VÁY ĐI TIỂU,"Then the old woman went out to the garden, lifted her skirt, and urinated.","Day then the old woman went out to the garden, lifted her skirt and urinated.",0.07142857142857142,0.879196047782898,,c3549f9e6bc3c8b4037f3f97da9b323270076dec8e49b01aebc021f5696f120f
vivos:train:VIVOSSPK04_R160,scalar,/Volumes/data/datasets/hibiki_vi_v2/tts/vivos_qwen3_tts_mlx_v3_full_v1/wavs/train/VIVOSSPK04/vivos_train_VIVOSSPK04_R160.attempt0.wav,5.04,HAY VÌ NẮNG CHIỀU NGƯỢC SÁNG NÊN NHIÊN NHÌN KHÔNG RÕ,Or was it because of the backlit afternoon sun that Nhien couldn't see clearly?,Tai O was it because of the backlit afternoon sun that Nian couldn't see clearly?,0.21428571428571427,0.905019223690033,,793d94b6b0d06874eba1049877503925e536c85ff0b8e2cb85f7b06603929d01
vivos:train:VIVOSSPK04_R160,batch8,/Volumes/data/datasets/hibiki_vi_v2/tts/vivos_qwen3_tts_mlx_batch_v2r1_benchmark_2026-08-04/batch_size_8/batches/b08_VIVOSSPK04_007_35a728274ab1/wavs/vivos_train_VIVOSSPK04_R160.wav,5.76,HAY VÌ NẮNG CHIỀU NGƯỢC SÁNG NÊN NHIÊN NHÌN KHÔNG RÕ,Or was it because of the backlit afternoon sun that Nhien couldn't see clearly?,Toyo was it because of the backlit afternoon sun that Nian couldn't see clearly.,0.14285714285714285,0.9024708867073059,,11612255925ddcd3bfbdcb6db8f509c91fdcffbc4f20c29e2c2d04d5b7007cc8
vivos:train:VIVOSSPK04_R160,batch16,/Volumes/data/datasets/hibiki_vi_v2/tts/vivos_qwen3_tts_mlx_batch_v2r1_benchmark_2026-08-04/batch_size_16/batches/b16_VIVOSSPK04_003_adbda6076a77/wavs/vivos_train_VIVOSSPK04_R160.wav,5.44,HAY VÌ NẮNG CHIỀU NGƯỢC SÁNG NÊN NHIÊN NHÌN KHÔNG RÕ,Or was it because of the backlit afternoon sun that Nhien couldn't see clearly?,Taiyo was it because of the backlit afternoon sun that Nian couldn't see clearly.,0.14285714285714285,0.9136332869529724,,6692f6eb53604a3a290b0b90fec179aaaea78a5072a93cc5b3b90e641261293b
vivos:train:VIVOSSPK04_T050,scalar,/Volumes/data/datasets/hibiki_vi_v2/tts/vivos_qwen3_tts_mlx_v3_full_v1/wavs/train/VIVOSSPK04/vivos_train_VIVOSSPK04_T050.attempt0.wav,6.4,KHÁCH VẮNG HƠN NÊN NĂM NAY CHỦ CŨNG KHÔNG DÁM TĂNG GIÁ DỊCH VỤ,"Because there are fewer visitors, the owners dare not raise service prices this year.","Because there are fewer visitors, the owners dare not raise service prices this year.",0.0,0.9027373790740967,,e6599de59b6b2105ff835b2a404124f55755b144f5b29ea4fcd883e76dac7f21
vivos:train:VIVOSSPK04_T050,batch8,/Volumes/data/datasets/hibiki_vi_v2/tts/vivos_qwen3_tts_mlx_batch_v2r1_benchmark_2026-08-04/batch_size_8/batches/b08_VIVOSSPK04_007_35a728274ab1/wavs/vivos_train_VIVOSSPK04_T050.wav,5.68,KHÁCH VẮNG HƠN NÊN NĂM NAY CHỦ CŨNG KHÔNG DÁM TĂNG GIÁ DỊCH VỤ,"Because there are fewer visitors, the owners dare not raise service prices this year.","Because there are fewer visitors, the owners dare not raise service prices this year.",0.0,0.9221084117889404,,d8a1bc1e73c39c73d6ec2a819e15727028234c69418e0ba7b91e1940e2259900
vivos:train:VIVOSSPK04_T050,batch16,/Volumes/data/datasets/hibiki_vi_v2/tts/vivos_qwen3_tts_mlx_batch_v2r1_benchmark_2026-08-04/batch_size_16/batches/b16_VIVOSSPK04_003_adbda6076a77/wavs/vivos_train_VIVOSSPK04_T050.wav,5.44,KHÁCH VẮNG HƠN NÊN NĂM NAY CHỦ CŨNG KHÔNG DÁM TĂNG GIÁ DỊCH VỤ,"Because there are fewer visitors, the owners dare not raise service prices this year.","Because there are fewer visitors, the owners dare not raise service prices this year.",0.0,0.9009175300598145,,357373260562c1b81e06d8d0cfa1bed6a0ac78f6d64cb4fb3d15de6845790a33
vivos:train:VIVOSSPK04_T009,scalar,/Volumes/data/datasets/hibiki_vi_v2/tts/vivos_qwen3_tts_mlx_v3_full_v1/wavs/train/VIVOSSPK04/vivos_train_VIVOSSPK04_T009.attempt0.wav,7.92,NHIỀU TRUNG TÂM MUA SẮM SIÊU THỊ TRONG THÀNH PHỐ ĐÃ RỰC VÀNG KHÔNG KHÍ ĐÓN NĂM MỚI,MANY SHOPPING CENTERS AND SUPERMARKETS IN THE CITY HAVE BEEN GLOWING YELLOW WITH THE NEW YEAR WELCOMING ATMOSPHERE,Tây Mạnh shopping centers and supermarkets in the city have been glowing yellow with the New Year welcoming atmosphere.,0.1111111111111111,0.9164443016052246,,4fb42d535461bee88adb3780bcdad25610b7f2a2ca1ca3b47abead0449ba6534
vivos:train:VIVOSSPK04_T009,batch8,/Volumes/data/datasets/hibiki_vi_v2/tts/vivos_qwen3_tts_mlx_batch_v2r1_benchmark_2026-08-04/batch_size_8/batches/b08_VIVOSSPK04_007_35a728274ab1/wavs/vivos_train_VIVOSSPK04_T009.wav,7.84,NHIỀU TRUNG TÂM MUA SẮM SIÊU THỊ TRONG THÀNH PHỐ ĐÃ RỰC VÀNG KHÔNG KHÍ ĐÓN NĂM MỚI,MANY SHOPPING CENTERS AND SUPERMARKETS IN THE CITY HAVE BEEN GLOWING YELLOW WITH THE NEW YEAR WELCOMING ATMOSPHERE,The many shopping centers and supermarkets in the city have been glowing yellow with the new year welcoming atmosphere.,0.05555555555555555,0.9202921390533447,,5c8e5446c4864dd7bd2ce39cf01d86ae3824fc0c91e5f89f3ed59b3e31ccd9d0
vivos:train:VIVOSSPK04_T009,batch16,/Volumes/data/datasets/hibiki_vi_v2/tts/vivos_qwen3_tts_mlx_batch_v2r1_benchmark_2026-08-04/batch_size_16/batches/b16_VIVOSSPK04_003_adbda6076a77/wavs/vivos_train_VIVOSSPK04_T009.wav,7.68,NHIỀU TRUNG TÂM MUA SẮM SIÊU THỊ TRONG THÀNH PHỐ ĐÃ RỰC VÀNG KHÔNG KHÍ ĐÓN NĂM MỚI,MANY SHOPPING CENTERS AND SUPERMARKETS IN THE CITY HAVE BEEN GLOWING YELLOW WITH THE NEW YEAR WELCOMING ATMOSPHERE,Taiwanese shopping centers and supermarkets in the city have been glowing yellow with the New Year welcoming atmosphere.,0.05555555555555555,0.86540687084198,,a4bef54fdfc5d289fa161a0c04013a90ef10b6b491268b02f76c2ff27b9f3844
